zoneid,81sas020050,81sas020051,81sas020052,81sas020053,81sas020054,81sas020055,81sas020056,81sas020057,81sas020058,81sas020059,81sas020060,81sas020061,81sas020062,81sas020063,81sas020064,81sas020065,81sas020066,81sas020067,81sas020068,81sas020069,81sas020070,81sas020071,81sas020072,81sas020073,81sas020074,81sas020075,81sas020076,81sas020077,81sas020078,81sas020079,81sas020080,81sas020081,81sas020082,81sas020083,81sas020084,81sas020085,81sas020086,81sas020087,81sas020088,81sas020089,81sas020090,81sas020091,81sas020092,81sas020093,81sas020094,81sas020095,81sas020096,81sas020097,81sas020098,81sas020099,81sas020100,81sas020101,81sas020102,81sas020103,81sas020104,81sas020105,81sas020106,81sas020107,81sas020108,81sas020109,81sas020110,81sas020111,81sas020112,81sas020113,81sas020114,81sas020115,81sas020116,81sas020117,81sas020118,81sas020119,81sas020120,81sas020121,81sas020122,81sas020123,81sas020124,81sas020125,81sas020126,81sas020127,81sas020128,81sas020129,81sas020130,81sas020131,81sas020132,81sas020133,81sas020134,81sas020135,81sas020136,81sas020137,81sas020138,81sas020139,81sas020140,81sas020141,81sas020142,81sas020143,81sas020144,81sas020145,81sas020146,81sas020147,81sas020148,81sas020149,81sas020150,81sas020151,81sas020152,81sas020153,81sas020154,81sas020155,81sas020156,81sas020157,81sas020158,81sas020159,81sas020160,81sas020161,81sas020162,81sas020163,81sas020164,81sas020165,81sas020166,81sas020167,81sas020168,81sas020169,81sas020170,81sas020171,81sas020172,81sas020173,81sas020174,81sas020175,81sas020176,81sas020177,81sas020178,81sas020179,81sas020180,81sas020181,81sas020182,81sas020183,81sas020184,81sas020185,81sas020186,81sas020187,81sas020188,81sas020189,81sas020190,81sas020191,81sas020192,81sas020193,81sas020194,81sas020195,81sas020196,81sas020197,81sas020198,81sas020199,81sas020200,81sas020201,81sas020202,81sas020203,81sas020204,81sas020205,81sas020206,81sas020207,81sas020208,81sas020209
01        ,2425630,1161129,669505,491624,1264501,769556,494945,137213,70016,70016,0,67197,67197,0,126041,64323,64323,0,61718,61718,0,156402,79640,79640,0,76762,76762,0,35134,17820,17820,0,17314,17314,0,159404,78381,77245,1136,81023,76555,4468,245884,117162,97718,19444,128722,93973,34749,212336,106340,62991,43349,105996,53421,52575,182960,91777,38815,52962,91183,34490,56693,138594,68316,23127,45189,70278,22622,47656,132058,65745,19294,46451,66313,19484,46829,128181,64309,17882,46427,63872,18288,45584,136265,67384,18481,48903,68881,20717,48164,142536,69692,18512,51180,72844,24579,48265,126460,60160,15711,44449,66300,27429,38871,121865,54793,15579,39214,67072,34807,32265,102637,42594,13698,28896,60043,38227,21816,72460,25808,9918,15890,46652,35438,11214,42069,11494,5430,6064,30575,26224,4351,27131,5375,3305,2070,21756,20311,1445,118290,0,0,0,0,0,0,0,0,76,120,195,428,1109,4553,38811,34896,22690,10458,4954
02        ,4182968,2021433,1002439,1018994,2161535,1135564,1025971,245295,125979,125979,0,119316,119316,0,251222,128702,128702,0,122520,122520,0,302979,155356,155356,0,147623,147623,0,65829,33535,33535,0,32294,32294,0,267966,135810,134410,1400,132156,126479,5677,325841,162866,132795,30071,162975,104389,58586,305136,152839,68857,83982,152297,47688,104609,325878,162943,41905,121038,162935,32850,130085,263875,130723,25350,105373,133152,23518,109634,241367,119672,19918,99754,121695,21026,100669,235420,117266,18316,98950,118154,21035,97119,244578,119380,18532,100848,125198,25434,99764,253277,122653,18660,103993,130624,32905,97719,221708,105230,16190,89040,116478,38107,78371,211385,95469,17459,78010,115916,51117,64799,179402,75723,17276,58447,103679,59036,44643,125374,46324,14402,31922,79050,55991,23059,70722,20713,8702,12011,50009,41458,8551,45714,10250,6095,4155,35464,32778,2686,216951,0,0,0,0,0,0,0,0,102,122,206,549,1865,10771,69646,63600,41469,19093,9528
03        ,2575407,1252010,636199,615811,1323397,704536,618861,158764,81058,81058,0,77706,77706,0,175227,90343,90343,0,84884,84884,0,214546,110554,110554,0,103992,103992,0,44358,22829,22829,0,21529,21529,0,175824,88931,87513,1418,86893,81875,5018,194726,98451,73839,24612,96275,54148,42127,173650,88201,32771,55430,85449,21538,63911,192010,97607,21827,75780,94403,15150,79253,158115,80175,14439,65736,77940,11428,66512,146297,73988,12166,61822,72309,11230,61079,138322,69965,11479,58486,68357,11235,57122,143425,70983,12219,58764,72442,14127,58315,153916,75363,13062,62301,78553,19944,58609,132443,61901,11124,50777,70542,24346,46196,127175,55971,11795,44176,71204,33238,37966,108133,43946,11513,32433,64187,38779,25408,74531,25831,9101,16730,48700,36513,12187,41054,11129,5370,5759,29925,25818,4107,22891,4784,3197,1587,18107,17056,1051,132396,0,0,0,0,0,0,0,0,43,35,83,263,997,7249,45731,38945,23934,10562,4554
04        ,1503120,723357,379089,344268,779763,432832,346931,90518,46374,46374,0,44144,44144,0,100719,51653,51653,0,49066,49066,0,125014,64392,64392,0,60622,60622,0,26979,13651,13651,0,13328,13328,0,112465,57396,56733,663,55069,52879,2190,119117,60719,46823,13896,58398,35715,22683,98890,49416,18859,30557,49474,14260,35214,102314,51468,11993,39475,50846,9479,41367,84046,41804,7950,33854,42242,7095,35147,83605,41197,7189,34008,42408,7006,35402,85196,42394,7078,35316,42802,7684,35118,89361,43768,7679,36089,45593,9787,35806,89029,42391,7744,34647,46638,13259,33379,77228,35223,6772,28451,42005,15832,26173,74098,32123,7030,25093,41975,21022,20953,61869,24776,6834,17942,37093,23427,13666,43607,15175,5408,9767,28432,21680,6752,24223,6377,3002,3375,17846,15486,2360,14842,3060,1925,1135,11782,11061,721,77063,0,0,0,0,0,0,0,0,29,45,78,177,782,4520,26562,21948,14059,6009,2854
05        ,1292029,633081,302342,330739,658948,328307,330641,74320,38018,38018,0,36302,36302,0,86201,44317,44317,0,41884,41884,0,108424,55604,55604,0,52820,52820,0,22137,11278,11278,0,10859,10859,0,86869,44169,43337,832,42700,39850,2850,96514,48630,33982,14648,47884,24493,23391,85970,43711,13784,29927,42259,8915,33344,93683,47308,8849,38459,46375,6210,40165,81025,41027,6150,34877,39998,4824,35174,74416,37290,5149,32141,37126,4496,32630,71499,35765,4877,30888,35734,4587,31147,74543,37186,5485,31701,37357,6074,31283,79504,39565,6042,33523,39939,8585,31354,70575,33653,5451,28202,36922,11024,25898,64813,29716,5637,24079,35097,14727,20370,53486,22954,5451,17503,30532,17085,13447,36929,13935,4472,9463,22994,16302,6692,20136,6278,2763,3515,13858,11561,2297,10985,2677,1696,981,8308,7709,599,76760,0,0,0,0,0,0,0,0,33,30,62,169,779,7277,25809,20953,13088,6011,2549
06        ,1135492,550651,274974,275677,584841,307366,277475,66718,34161,34161,0,32557,32557,0,72677,37180,37180,0,35497,35497,0,88659,45337,45337,0,43322,43322,0,19311,9854,9854,0,9457,9457,0,77733,39326,38685,641,38407,36284,2123,88963,45306,32694,12612,43657,24119,19538,77245,39306,13786,25520,37939,9347,28592,80731,41009,8859,32150,39722,6308,33414,63774,32173,5641,26532,31601,4480,27121,63666,31625,5345,26280,32041,4645,27396,65067,32335,5420,26915,32732,5164,27568,70053,34425,6314,28111,35628,7085,28543,72842,35841,6838,29003,37001,9604,27397,63144,29442,5782,23660,33702,12144,21558,55969,24850,5571,19279,31119,15141,15978,46842,19294,5298,13996,27548,16946,10602,33420,11534,4104,7430,21886,16554,5332,18429,5335,2572,2763,13094,11248,1846,10249,2318,1533,785,7931,7464,467,61578,0,0,0,0,0,0,0,0,21,18,36,109,419,3811,21345,17667,10848,5086,2218
07        ,2628419,1294400,653177,641223,1334019,694259,639760,161950,83108,83108,0,78842,78842,0,179189,92566,92566,0,86623,86623,0,224858,115694,115694,0,109164,109164,0,46187,23794,23794,0,22393,22393,0,183488,93206,91410,1796,90282,84039,6243,200205,101907,75604,26303,98298,53961,44337,174123,88888,33045,55843,85235,21752,63483,180300,91271,21258,70013,89029,14813,74216,160928,81534,15533,66001,79394,11614,67780,150843,76516,12575,63941,74327,10915,63412,148007,75112,12161,62951,72895,10999,61896,157263,79877,13048,66829,77386,13666,63720,161444,79825,13331,66494,81619,18928,62691,142893,68647,11631,57016,74246,23435,50811,127273,58978,11797,47181,68295,29724,38571,100836,42483,10388,32095,58353,33557,24796,69753,25550,8279,17271,44203,31726,12477,37520,10646,4940,5706,26874,22698,4176,21359,4798,3015,1783,16561,15410,1151,133480,0,0,0,0,0,0,0,0,62,66,97,255,974,7211,49014,37643,23569,10057,4532
08        ,2021707,982676,484840,497836,1039031,541241,497790,127465,65517,65517,0,61948,61948,0,141020,72593,72593,0,68427,68427,0,168133,86462,86462,0,81671,81671,0,34211,17661,17661,0,16550,16550,0,133632,67653,66414,1239,65979,61453,4526,149487,75254,53635,21619,74233,38018,36215,136354,69470,23466,46004,66884,15215,51669,151333,76366,15645,60721,74967,11439,63528,121811,61569,10049,51520,60242,8623,51619,114357,57479,8706,48773,56878,8300,48578,110234,55213,8110,47103,55021,8565,46456,113852,56007,8525,47482,57845,10734,47111,119984,59414,9159,50255,60570,14767,45803,102834,48689,7848,40841,54145,17666,36479,99015,44323,8600,35723,54692,24477,30215,83851,34079,8445,25634,49772,29392,20380,60058,21049,6836,14213,39009,28498,10511,34524,9707,4512,5195,24817,21145,3672,19552,4171,2657,1514,15381,14353,1028,108829,0,0,0,0,0,0,0,0,47,54,68,236,884,7879,36625,30309,19596,9182,3949
09        ,900947,436770,212110,224660,464177,238218,225959,51674,26674,26674,0,25000,25000,0,56939,29212,29212,0,27727,27727,0,69579,35601,35601,0,33978,33978,0,15293,7726,7726,0,7567,7567,0,58818,30013,29731,282,28805,27542,1263,65808,33030,25533,7497,32778,18910,13868,61135,30607,11637,18970,30528,7957,22571,67753,34129,7662,26467,33624,5648,27976,58217,29252,4971,24281,28965,4200,24765,51607,25859,3979,21880,25748,3692,22056,49844,25052,3830,21222,24792,3844,20948,51722,25718,3879,21839,26004,4618,21386,54286,26365,3891,22474,27921,6445,21476,47935,22564,3497,19067,25371,7851,17520,45392,20717,3720,16997,24675,10603,14072,38912,16230,3665,12565,22682,12537,10145,28493,10578,3269,7309,17915,12590,5325,16553,4894,2117,2777,11659,9715,1944,10987,2549,1516,1033,8438,7794,644,51770,0,0,0,0,0,0,0,0,31,39,27,143,528,3271,16742,14258,9732,4598,2401
10        ,502164,250948,122741,128207,251216,123246,127970,36181,18496,18496,0,17685,17685,0,36426,18944,18944,0,17482,17482,0,42302,21844,21844,0,20458,20458,0,8715,4511,4511,0,4204,4204,0,34491,17721,17475,246,16770,15769,1001,38420,19225,13912,5313,19195,9206,9989,37884,19011,6008,13003,18873,3506,15367,41633,21034,3677,17357,20599,2533,18066,34470,17541,2465,15076,16929,1871,15058,30501,15875,1986,13889,14626,1732,12894,28645,14739,1811,12928,13906,1801,12105,27328,14055,1909,12146,13273,1992,11281,26429,13438,1928,11510,12991,2660,10331,21459,10675,1704,8971,10784,2853,7931,19905,9411,1689,7722,10494,4053,6441,16250,7238,1640,5598,9012,4723,4289,11060,4282,1300,2982,6778,4611,2167,6319,1969,859,1110,4350,3543,807,3746,939,583,356,2807,2564,243,22585,0,0,0,0,0,0,0,0,9,8,14,42,412,1813,7441,6247,3870,1854,875
11        ,670859,333731,165016,168715,337128,168460,168668,44006,22639,22639,0,21367,21367,0,46978,24300,24300,0,22678,22678,0,54833,28238,28238,0,26595,26595,0,11384,5908,5908,0,5476,5476,0,45633,23668,23406,262,21965,20807,1158,51847,26639,20684,5955,25208,13919,11289,50155,25732,10003,15729,24423,5631,18792,55716,28110,5904,22206,27606,3818,23788,46568,23526,3453,20073,23042,2834,20208,41327,21171,2848,18323,20156,2515,17641,38914,19736,2546,17190,19178,2551,16627,38198,19402,2427,16975,18796,2977,15819,36600,18336,2337,15999,18264,3953,14311,29715,14354,2074,12280,15361,4531,10830,26936,12531,2203,10328,14405,6004,8401,22140,9599,2209,7390,12541,6908,5633,15268,5805,1815,3990,9463,6659,2804,8680,2631,1150,1481,6049,5035,1014,5961,1406,872,534,4555,4202,353,27833,0,0,0,0,0,0,0,0,22,19,25,75,279,1459,9015,8015,5198,2430,1296
12        ,562221,278436,134715,143721,283785,140029,143756,38761,19965,19965,0,18796,18796,0,42412,21706,21706,0,20706,20706,0,47718,24504,24504,0,23214,23214,0,10068,5185,5185,0,4883,4883,0,38692,20055,19851,204,18637,17744,893,39327,19934,15365,4569,19393,10538,8855,38723,19001,6503,12498,19722,4031,15691,47546,23480,4023,19457,24066,2897,21169,41429,20786,2479,18307,20643,2153,18490,35821,18275,1969,16306,17546,1943,15603,33052,17017,1804,15213,16035,2000,14035,30920,15643,1734,13909,15277,2222,13055,29565,14883,1813,13070,14682,2979,11703,23714,11640,1467,10173,12074,3355,8719,21761,10051,1530,8521,11710,4581,7129,17998,7862,1620,6242,10136,5361,4775,12769,5028,1500,3528,7741,5270,2471,7092,2206,930,1276,4886,4018,868,4853,1215,767,448,3638,3338,300,23141,0,0,0,0,0,0,0,0,27,30,32,85,253,1184,7304,6594,4474,2034,1124
13        ,569893,282130,135265,146865,287763,140478,147285,37470,19236,19236,0,18234,18234,0,40987,21075,21075,0,19912,19912,0,45086,22934,22934,0,22152,22152,0,9310,4886,4886,0,4424,4424,0,37218,19311,19050,261,17907,16751,1156,42047,21523,15694,5829,20524,10269,10255,41354,20575,6901,13674,20779,4183,16596,46867,23476,4218,19258,23391,2929,20462,39222,19832,2680,17152,19390,2287,17103,33162,17041,2082,14959,16121,1866,14255,30902,15762,1931,13831,15140,1955,13185,31059,15654,2154,13500,15405,2358,13047,30763,15422,2178,13244,15341,3178,12163,26489,12659,1856,10803,13830,3802,10028,25749,12067,2082,9985,13682,5240,8442,22237,9858,2161,7697,12379,6426,5953,15597,6344,1921,4423,9253,6102,3151,8767,3014,1345,1669,5753,4610,1143,5607,1461,881,580,4146,3800,346,29438,0,0,0,0,0,0,0,0,14,17,24,63,224,1434,9232,8512,5728,2814,1376
14        ,921623,451460,218673,232787,470163,236522,233641,56470,29055,29055,0,27415,27415,0,65595,33670,33670,0,31925,31925,0,79299,40764,40764,0,38535,38535,0,16856,8644,8644,0,8212,8212,0,63796,32512,32081,431,31284,29768,1516,63231,31986,23777,8209,31245,17010,14235,59553,29961,10038,19923,29592,6119,23473,71877,35637,6409,29228,36240,4607,31633,62884,31560,4296,27264,31324,3556,27768,57119,28766,3479,25287,28353,3414,24939,52438,26485,3332,23153,25953,3480,22473,53858,26956,3548,23408,26902,4351,22551,52815,25999,3664,22335,26816,5952,20864,45310,21633,3242,18391,23677,7149,16528,41702,18893,3435,15458,22809,9651,13158,34327,14468,3461,11007,19859,11359,8500,23637,8709,2849,5860,14928,10752,4176,13112,3889,1762,2127,9223,7809,1414,7744,1873,1167,706,5871,5458,413,45196,0,0,0,0,0,0,0,0,43,35,31,140,584,3049,15238,12750,7964,3622,1740
15        ,565845,278637,142144,136493,287208,149891,137317,38295,19512,19512,0,18783,18783,0,41010,21259,21259,0,19751,19751,0,49741,25281,25281,0,24460,24460,0,10691,5410,5410,0,5281,5281,0,41821,21081,20757,324,20740,19535,1205,45449,23099,16026,7073,22350,11252,11098,40091,20148,6311,13837,19943,4366,15577,42306,21489,4167,17322,20817,2899,17918,33743,17222,2707,14515,16521,2066,14455,32947,16490,2496,13994,16457,2170,14287,32074,16071,2540,13531,16003,2330,13673,33039,16761,2809,13952,16278,2974,13304,32938,16201,2826,13375,16737,4101,12636,26634,12898,2375,10523,13736,4598,9138,22843,10297,2249,8048,12546,5852,6694,18412,7748,2144,5604,10664,6483,4181,12846,4675,1650,3025,8171,6003,2168,7030,2075,1009,1066,4955,4184,771,3935,920,616,304,3015,2803,212,25231,0,0,0,0,0,0,0,0,14,13,22,73,413,1858,8654,7004,4349,1951,880
16        ,418631,201675,92887,108788,216956,107261,109695,23313,11981,11981,0,11332,11332,0,26821,13618,13618,0,13203,13203,0,31706,16106,16106,0,15600,15600,0,6629,3381,3381,0,3248,3248,0,25646,13859,13714,145,11787,11109,678,24807,12690,9621,3069,12117,6134,5983,24064,11772,3976,7796,12292,2584,9708,30278,14900,2852,12048,15378,2154,13224,27534,13692,2069,11623,13842,1864,11978,23488,11750,1589,10161,11738,1627,10111,22943,11450,1526,9924,11493,1684,9809,24023,11698,1569,10129,12325,2246,10079,25511,11986,1687,10299,13525,3104,10421,24414,11092,1529,9563,13322,4014,9308,25603,11667,1854,9813,13936,5701,8235,22164,9595,1979,7616,12569,6798,5771,15536,6093,1780,4313,9443,6439,3004,8828,2949,1247,1702,5879,4838,1041,5323,1396,809,587,3927,3582,345,30916,0,0,0,0,0,0,0,0,9,20,28,121,419,2292,9580,8667,5662,2795,1323
17        ,471696,229685,110770,118915,242011,122333,119678,26359,13602,13602,0,12757,12757,0,30829,15853,15853,0,14976,14976,0,37375,19063,19063,0,18312,18312,0,7693,3921,3921,0,3772,3772,0,30503,15673,15475,198,14830,14079,751,32569,16819,12496,4323,15750,8305,7445,29423,14829,5162,9667,14594,3098,11496,34551,17504,3468,14036,17047,2254,14793,29182,14741,2339,12402,14441,1715,12726,27505,13846,1994,11852,13659,1728,11931,26427,13298,1925,11373,13129,1912,11217,28356,14010,2238,11772,14346,2666,11680,29004,13907,2316,11591,15097,3621,11476,27124,12756,2316,10440,14368,4668,9700,25071,11416,2284,9132,13655,6072,7583,21313,8989,2276,6713,12324,7202,5122,15034,5542,1965,3577,9492,6908,2584,8374,2623,1231,1392,5751,4848,903,5004,1293,846,447,3711,3440,271,28526,0,0,0,0,0,0,0,0,19,8,28,74,282,2050,9273,8004,5102,2482,1204
18        ,901831,443999,208728,235271,457832,221856,235976,53143,27188,27188,0,25955,25955,0,60667,31219,31219,0,29448,29448,0,72503,37281,37281,0,35222,35222,0,15140,7642,7642,0,7498,7498,0,57528,29279,28834,445,28249,26402,1847,62343,31549,22390,9159,30794,14730,16064,59098,29990,9441,20549,29108,5443,23665,68501,34634,6438,28196,33867,4019,29848,60310,30734,4604,26130,29576,3341,26235,52229,26522,3661,22861,25707,3014,22693,50571,25608,3417,22191,24963,3056,21907,52824,26409,3863,22546,26415,4006,22409,55770,27936,4082,23854,27834,5675,22159,48758,23608,3625,19983,25150,7101,18049,44887,20779,3920,16859,24108,9780,14328,37935,16428,3972,12456,21507,11872,9635,26493,10331,3535,6796,16162,11265,4897,14683,4723,2230,2493,9960,8224,1736,8448,2139,1386,753,6309,5805,504,53812,0,0,0,0,0,0,0,0,33,26,40,125,430,4863,17479,14676,9622,4478,2040
19        ,930112,445117,206729,238388,484995,245044,239951,49427,25314,25314,0,24113,24113,0,56715,29024,29024,0,27691,27691,0,68672,34995,34995,0,33677,33677,0,14479,7455,7455,0,7024,7024,0,57540,29765,29432,333,27775,26183,1592,61670,31917,23612,8305,29753,15464,14289,55488,27725,9957,17768,27763,6451,21312,64011,31946,6660,25286,32065,4889,27176,57215,28647,4604,24043,28568,4046,24522,50247,24936,3531,21405,25311,3726,21585,49064,24185,3384,20801,24879,4088,20791,51842,25210,3583,21627,26632,4974,21658,55632,25792,3655,22137,29840,7208,22632,53903,24571,3604,20967,29332,8982,20350,57087,25516,4129,21387,31571,12910,18661,52154,22001,4584,17417,30153,16238,13915,38808,15140,4222,10918,23668,16029,7639,21829,7258,2867,4391,14571,11670,2901,14329,3720,2117,1603,10609,9681,928,70134,0,0,0,0,0,0,0,0,39,42,75,272,821,4448,20417,19634,14064,6836,3486
20        ,578993,273965,123496,150469,305028,153318,151710,28494,14757,14757,0,13737,13737,0,32889,16878,16878,0,16011,16011,0,39876,20289,20289,0,19587,19587,0,8608,4375,4375,0,4233,4233,0,34233,17726,17591,135,16507,15686,821,36352,18549,14390,4159,17803,9887,7916,32817,16581,6350,10231,16236,3912,12324,38560,19022,4137,14885,19538,3141,16397,34485,17248,2848,14400,17237,2471,14766,30521,15237,2258,12979,15284,2315,12969,30578,14969,2079,12890,15609,2475,13134,32728,15719,2177,13542,17009,3262,13747,35643,16509,2241,14268,19134,4487,14647,35182,15718,2107,13611,19464,5935,13529,39718,17554,2451,15103,22164,8888,13276,36409,15222,2813,12409,21187,11085,10102,26487,10160,2544,7616,16327,10981,5346,15266,4944,1892,3052,10322,8247,2075,10147,2508,1319,1189,7639,6978,661,47231,0,0,0,0,0,0,0,0,17,25,35,135,462,2776,13906,13438,9452,4650,2335
21        ,598881,293077,140820,152257,305804,152821,152983,35947,18489,18489,0,17458,17458,0,39651,20282,20282,0,19369,19369,0,48275,24801,24801,0,23474,23474,0,10248,5225,5225,0,5023,5023,0,39375,19924,19497,427,19451,18091,1360,43056,21610,14589,7021,21446,10221,11225,40103,20395,6180,14215,19708,3990,15718,44884,22477,4057,18420,22407,2933,19474,37484,18940,2857,16083,18544,2213,16331,35214,17803,2651,15152,17411,2140,15271,34416,17287,2625,14662,17129,2337,14792,35980,17788,2953,14835,18192,3223,14969,37476,18575,3232,15343,18901,4493,14408,31866,15131,2921,12210,16735,5543,11192,29207,13205,2973,10232,16002,7432,8570,24806,10626,2828,7798,14180,8400,5780,17058,6425,2378,4047,10633,7867,2766,8950,2791,1400,1391,6159,5261,898,4885,1303,882,421,3582,3353,229,34020,0,0,0,0,0,0,0,0,15,21,30,113,417,2813,11133,9641,5992,2640,1205
22        ,641016,294700,137162,157538,346316,186751,159565,30409,15715,15715,0,14694,14694,0,33932,17384,17384,0,16548,16548,0,41861,21503,21503,0,20358,20358,0,9034,4526,4526,0,4508,4508,0,35549,17889,17709,180,17660,16862,798,38787,19638,15644,3994,19149,11755,7394,35968,17676,7748,9928,18292,5548,12744,42800,21145,5255,15890,21655,4321,17334,36582,18054,3525,14529,18528,3381,15147,32639,15972,2863,13109,16667,3155,13512,31969,15565,2532,13033,16404,3322,13082,34341,16048,2693,13355,18293,4329,13964,38199,17315,2849,14466,20884,5988,14896,39146,17073,2760,14313,22073,7776,14297,45334,19270,3352,15918,26064,11707,14357,44349,17745,3662,14083,26604,14958,11646,34606,12456,3269,9187,22150,15389,6761,21069,6297,2342,3955,14772,12095,2677,14442,3429,1831,1598,11013,10057,956,53859,0,0,0,0,0,0,0,0,23,29,61,193,565,2784,14549,15249,11322,5896,3188
23        ,1461890,713793,333639,380154,748097,365319,382778,91165,46701,46701,0,44464,44464,0,102549,52855,52855,0,49694,49694,0,117882,60636,60636,0,57246,57246,0,24455,12435,12435,0,12020,12020,0,92962,47712,47278,434,45250,42960,2290,100632,51128,38330,12798,49504,25539,23965,97227,48431,15847,32584,48796,9519,39277,119479,59126,9924,49202,60353,7209,53144,99265,49789,6315,43474,49476,5711,43765,85261,42678,4959,37719,42583,5024,37559,81356,41037,4622,36415,40319,5240,35079,83714,41469,4806,36663,42245,6663,35582,84162,41126,4819,36307,43036,8897,34139,73134,34732,4442,30290,38402,10860,27542,69672,32033,4929,27104,37639,14820,22819,58431,24879,4985,19894,33552,18043,15509,41320,15830,4574,11256,25490,17469,8021,23951,7498,3054,4444,16453,13387,3066,15273,3698,2128,1570,11575,10554,1021,77430,0,0,0,0,0,0,0,0,40,42,63,173,662,4268,25399,21777,14531,7024,3451
24        ,493166,240057,114917,125140,253109,127293,125816,28527,14511,14511,0,14016,14016,0,32463,16661,16661,0,15802,15802,0,39785,20411,20411,0,19374,19374,0,8574,4383,4383,0,4191,4191,0,32613,16532,16391,141,16081,15281,800,33530,17005,13165,3840,16525,9047,7478,31401,15746,5777,9969,15655,3438,12217,36874,18321,3638,14683,18553,2522,16031,32829,16458,2496,13962,16371,2154,14217,28775,14737,2056,12681,14038,1780,12258,27089,13604,1924,11680,13485,1978,11507,28214,13931,1955,11976,14283,2472,11811,30030,14663,2106,12557,15367,3389,11978,26029,12279,1729,10550,13750,4203,9547,25398,11528,2019,9509,13870,5699,8171,21547,9340,2002,7338,12207,6653,5554,14980,5824,1716,4108,9156,6308,2848,8897,2762,1167,1595,6135,5049,1086,5611,1361,810,551,4250,3937,313,28399,0,0,0,0,0,0,0,0,11,15,21,72,232,1607,9140,8123,5309,2596,1273
25        ,1442598,711278,346533,364745,731320,365137,366183,88763,45575,45575,0,43188,43188,0,99079,51032,51032,0,48047,48047,0,116371,59912,59912,0,56459,56459,0,24666,12678,12678,0,11988,11988,0,102006,54632,53983,649,47374,44431,2943,109023,57512,42195,15317,51511,25405,26106,98362,50062,17221,32841,48300,10156,38144,113173,56636,10703,45933,56537,7645,48892,97845,49220,7151,42069,48625,6289,42336,84478,42614,5657,36957,41864,5487,36377,79300,40004,5226,34778,39296,5798,33498,79129,39566,5310,34256,39563,6785,32778,78560,37784,5370,32414,40776,9037,31739,70015,32974,4674,28300,37041,11127,25914,65861,29866,4990,24876,35995,14951,21044,56676,24312,5184,19128,32364,17627,14737,40553,15638,4507,11131,24915,17144,7771,23308,7457,2972,4485,15851,12903,2948,15430,3804,2193,1611,11626,10670,956,75215,0,0,0,0,0,0,0,0,32,32,50,174,639,4408,23721,21255,14340,6989,3575
26        ,624393,306519,146470,160049,317874,157408,160466,39274,20090,20090,0,19184,19184,0,44167,22819,22819,0,21348,21348,0,51397,26359,26359,0,25038,25038,0,10541,5328,5328,0,5213,5213,0,39617,20189,19933,256,19428,18365,1063,41237,20673,15498,5175,20564,10555,10009,41702,20744,7076,13668,20958,4267,16691,50202,25351,4885,20466,24851,3279,21572,44295,22420,3315,19105,21875,2633,19242,37434,19101,2540,16561,18333,2263,16070,34703,17586,2306,15280,17117,2315,14802,34908,17529,2394,15135,17379,2769,14610,35734,17426,2562,14864,18308,4093,14215,31139,14847,2170,12677,16292,4846,11446,30028,13895,2393,11502,16133,6609,9524,24666,10766,2488,8278,13900,7402,6498,17329,6865,2103,4762,10464,7281,3183,9883,3076,1317,1759,6807,5606,1201,6137,1455,894,561,4682,4342,340,32691,0,0,0,0,0,0,0,0,14,13,26,65,276,1904,10834,9145,6194,2858,1362
27        ,950760,468590,224828,243762,482170,237729,244441,57180,29414,29414,0,27766,27766,0,63680,32678,32678,0,31002,31002,0,76426,39133,39133,0,37293,37293,0,16605,8492,8492,0,8113,8113,0,64974,33176,32900,276,31798,30579,1219,68901,35979,29205,6774,32922,19641,13281,63532,32163,12673,19490,31369,7327,24042,75013,37333,7570,29763,37680,5247,32433,64428,32222,4565,27657,32206,3951,28255,57695,28657,3570,25087,29038,3552,25486,57858,28881,3270,25611,28977,3656,25321,59289,29575,3342,26233,29714,4530,25184,58193,29052,3377,25675,29141,5645,23496,47702,23457,2967,20490,24245,6711,17534,42098,19838,3216,16622,22260,8951,13309,33079,14326,3085,11241,18753,10141,8612,22838,8547,2542,6005,14291,10053,4238,12724,3765,1662,2103,8959,7405,1554,8545,1902,1167,735,6643,6166,477,42354,0,0,0,0,0,0,0,0,18,8,28,73,346,2302,14694,12005,7629,3480,1771
28        ,843282,412964,201970,210994,430318,218664,211654,50967,26177,26177,0,24790,24790,0,59458,30469,30469,0,28989,28989,0,70579,36098,36098,0,34481,34481,0,14768,7541,7541,0,7227,7227,0,57583,29284,28918,366,28299,26767,1532,60478,30835,22417,8418,29643,15429,14214,55350,27937,9317,18620,27413,5778,21635,63099,31889,6321,25568,31210,4284,26926,51047,25786,3988,21798,25261,3229,22032,48585,24416,3527,20889,24169,3031,21138,47866,24162,3392,20770,23704,3373,20331,48705,24283,3657,20626,24422,4162,20260,49901,24470,3800,20670,25431,5782,19649,43296,20670,3182,17488,22626,6963,15663,41857,19123,3779,15344,22734,9682,13052,34647,14780,3466,11314,19867,11061,8806,23907,9021,2882,6139,14886,10438,4448,13208,4059,1818,2241,9149,7607,1542,7981,1964,1221,743,6017,5591,426,46109,0,0,0,0,0,0,0,0,17,21,24,107,636,2926,15478,12981,8269,3796,1854
29        ,114879,54333,24639,29694,60546,30770,29776,5630,2928,2928,0,2702,2702,0,6851,3501,3501,0,3350,3350,0,8501,4362,4362,0,4139,4139,0,1898,993,993,0,905,905,0,6519,3227,3200,27,3292,3141,151,6382,3368,2605,763,3014,1642,1372,6106,3057,1214,1843,3049,720,2329,7590,3769,868,2901,3821,600,3221,7175,3555,615,2940,3620,500,3120,6064,3072,445,2627,2992,456,2536,5904,2893,370,2523,3011,512,2499,6235,2930,416,2514,3305,688,2617,6994,3148,423,2725,3846,912,2934,7442,3203,401,2802,4239,1346,2893,8041,3570,493,3077,4471,1833,2638,7476,3256,643,2613,4220,2258,1962,5307,2082,517,1565,3225,2179,1046,2922,950,359,591,1972,1620,352,1842,469,286,183,1373,1267,106,9894,0,0,0,0,0,0,0,0,8,4,9,27,87,548,2986,2937,1944,895,449
30        ,1448393,702101,333871,368230,746292,375405,370887,89181,45854,45854,0,43327,43327,0,98903,50834,50834,0,48069,48069,0,116260,59788,59788,0,56472,56472,0,24531,12546,12546,0,11985,11985,0,93683,48655,48126,529,45028,42618,2410,97257,49350,36649,12701,47907,24483,23424,94000,47010,15683,31327,46990,9470,37520,113192,56302,10184,46118,56890,7506,49384,95787,47839,6670,41169,47948,5853,42095,83815,42097,5247,36850,41718,5362,36356,78962,39613,4970,34643,39349,5859,33490,80005,39175,5040,34135,40830,7440,33390,80997,38474,5233,33241,42523,9852,32671,74991,35049,4882,30167,39942,12270,27672,72679,32859,5473,27386,39820,16638,23182,63277,26683,5768,20915,36594,20416,16178,46619,17474,5135,12339,29145,20364,8781,26778,8260,3372,4888,18518,15229,3289,17476,4239,2417,1822,13237,12192,1045,82510,0,0,0,0,0,0,0,0,102,90,82,205,721,4745,25573,23323,15975,7725,3969
31        ,1362801,656227,318082,338145,706574,366846,339728,81467,41778,41778,0,39689,39689,0,91542,46861,46861,0,44681,44681,0,109009,55724,55724,0,53285,53285,0,22424,11437,11437,0,10987,10987,0,88234,44756,44047,709,43478,40876,2602,93643,47137,34481,12656,46506,24534,21972,84737,42930,14775,28155,41807,9148,32659,98533,49541,10156,39385,48992,7246,41746,84236,42603,7020,35583,41633,5761,35872,76778,38811,5984,32827,37967,5533,32434,73925,37078,5371,31707,36847,5687,31160,77006,38043,5621,32422,38963,7365,31598,82072,39606,6012,33594,42466,10237,32229,71231,32882,5165,27717,38349,12556,25793,73148,32313,6259,26054,40835,18109,22726,66021,26998,6367,20631,39023,22350,16673,46796,16587,5416,11171,30209,21796,8413,26913,7672,3435,4237,19241,16193,3048,15086,3470,2173,1297,11616,10813,803,81281,0,0,0,0,0,0,0,0,41,57,80,215,669,4823,25880,23718,15330,7203,3265
32        ,835647,411439,198727,212712,424208,210647,213561,54221,27895,27895,0,26326,26326,0,58223,29554,29554,0,28669,28669,0,69061,35405,35405,0,33656,33656,0,14007,7109,7109,0,6898,6898,0,55831,28430,28085,345,27401,25675,1726,62433,31555,23525,8030,30878,15787,15091,59266,29902,9931,19971,29364,5998,23366,66162,33499,6304,27195,32663,4134,28529,55129,27936,4043,23893,27193,3144,24049,48108,24523,3213,21310,23585,2858,20727,45967,23363,2968,20395,22604,3035,19569,46819,23488,3127,20361,23331,3658,19673,47455,23730,3253,20477,23725,4876,18849,39457,19109,2668,16441,20348,5739,14609,37683,17312,2927,14385,20371,8141,12230,31986,13790,3044,10746,18196,9716,8480,22980,8889,2725,6164,14091,9599,4492,12998,4091,1838,2253,8907,7220,1687,7861,1859,1113,746,6002,5518,484,41580,0,0,0,0,0,0,0,0,16,16,21,90,313,2401,13330,11770,8078,3809,1736
33        ,542944,268124,126080,142044,274820,132256,142564,31949,16335,16335,0,15614,15614,0,36877,18964,18964,0,17913,17913,0,43284,22187,22187,0,21097,21097,0,9042,4568,4568,0,4474,4474,0,35393,18560,18328,232,16833,15775,1058,36807,19108,13946,5162,17699,8486,9213,34413,17382,5526,11856,17031,3029,14002,41037,20466,3523,16943,20571,2322,18249,36795,18598,2670,15928,18197,1916,16281,31630,16231,2101,14130,15399,1707,13692,29641,15074,2029,13045,14567,1855,12712,30711,15343,2129,13214,15368,2366,13002,31936,15694,2287,13407,16242,3448,12794,29570,14010,2164,11846,15560,4385,11175,28668,13529,2378,11151,15139,5853,9286,23983,10716,2413,8303,13267,6888,6379,16242,6696,2131,4565,9546,6373,3173,9148,3070,1405,1665,6078,4897,1181,5818,1593,996,597,4225,3858,367,32676,0,0,0,0,0,0,0,0,11,16,34,65,287,1768,10696,9348,6110,2864,1477
34        ,685232,334231,153812,180419,351001,169390,181611,38936,19959,19959,0,18977,18977,0,45291,23297,23297,0,21994,21994,0,52167,26830,26830,0,25337,25337,0,10863,5601,5601,0,5262,5262,0,41243,21115,20882,233,20128,18965,1163,43942,22305,16432,5873,21637,10746,10891,42565,20915,7281,13634,21650,4429,17221,51389,25416,4958,20458,25973,3518,22455,44876,22736,3316,19420,22140,2831,19309,39262,19949,2670,17279,19313,2459,16854,37390,18924,2592,16332,18466,2568,15898,38834,19182,2615,16567,19652,3250,16402,40544,19517,2709,16808,21027,4299,16728,37945,17873,2414,15459,20072,5473,14599,39586,18432,2984,15448,21154,7783,13371,34654,15604,3208,12396,19050,9513,9537,24064,9841,2822,7019,14223,9342,4881,13339,4593,1924,2669,8746,6977,1769,8342,2142,1318,824,6200,5667,533,47472,0,0,0,0,0,0,0,0,20,18,26,91,387,2517,15005,13932,9157,4308,2011
35        ,524967,258149,124029,134120,266818,131889,134929,35027,17905,17905,0,17122,17122,0,38662,19856,19856,0,18806,18806,0,44493,22785,22785,0,21708,21708,0,9144,4712,4712,0,4432,4432,0,34389,17630,17407,223,16759,15651,1108,36401,18252,13004,5248,18149,8735,9414,36496,17808,5447,12361,18688,3506,15182,43736,21837,3728,18109,21899,2747,19152,36707,18625,2465,16160,18082,2164,15918,29670,15277,1893,13384,14393,1799,12594,27263,13885,1712,12173,13378,1847,11531,27626,13783,1807,11976,13843,2245,11598,28461,14016,1916,12100,14445,2945,11500,25063,12125,1709,10416,12938,3517,9421,23886,11229,1919,9310,12657,4877,7780,20070,8772,1985,6787,11298,5863,5435,14334,5666,1806,3860,8668,5864,2804,8452,2689,1167,1522,5763,4620,1143,5087,1297,806,491,3790,3441,349,27175,0,0,0,0,0,0,0,0,13,22,14,47,177,1326,8887,7684,5223,2548,1234
36        ,295451,144597,68274,76323,150854,74210,76644,18000,9206,9206,0,8794,8794,0,19993,10276,10276,0,9717,9717,0,22534,11518,11518,0,11016,11016,0,4687,2354,2354,0,2333,2333,0,18969,9808,9681,127,9161,8626,535,19937,10025,6946,3079,9912,4663,5249,19632,9924,2865,7059,9708,1788,7920,22809,11393,1937,9456,11416,1283,10133,18810,9589,1351,8238,9221,1024,8197,17058,8457,1173,7284,8601,970,7631,16613,8363,1184,7179,8250,1137,7113,17206,8493,1321,7172,8713,1464,7249,18248,8996,1542,7454,9252,2169,7083,15861,7623,1397,6226,8238,2670,5568,15363,7159,1568,5591,8204,3616,4588,12956,5629,1468,4161,7327,4091,3236,9160,3461,1222,2239,5699,4192,1507,4982,1634,795,839,3348,2837,511,2633,689,470,219,1944,1820,124,18230,0,0,0,0,0,0,0,0,6,11,15,35,220,1778,5802,5015,3164,1525,659
37        ,653456,317203,150467,166736,336253,168685,167568,35406,18018,18018,0,17388,17388,0,41208,21160,21160,0,20048,20048,0,50690,25877,25877,0,24813,24813,0,10814,5563,5563,0,5251,5251,0,43517,23194,22963,231,20323,19350,973,44139,22935,17590,5345,21204,11719,9485,39730,20033,7300,12733,19697,4379,15318,48626,24306,4848,19458,24320,3228,21092,42256,21094,3087,18007,21162,2539,18623,38525,19297,2461,16836,19228,2434,16794,36511,18216,2301,15915,18295,2621,15674,37598,18367,2631,15736,19231,3465,15766,38536,18603,2562,16041,19933,4672,15261,35025,16438,2498,13940,18587,5763,12824,35413,15806,2870,12936,19607,8269,11338,31623,13478,3099,10379,18145,10015,8130,22932,8700,2615,6085,14232,9938,4294,12752,4050,1735,2315,8702,7167,1535,8155,2068,1289,779,6087,5626,461,40633,0,0,0,0,0,0,0,0,19,9,27,96,361,2409,12308,11725,7951,3776,1952
38        ,976748,480351,232689,247662,496397,247764,248633,57876,29516,29516,0,28360,28360,0,66287,34064,34064,0,32223,32223,0,81447,41625,41625,0,39822,39822,0,16873,8694,8694,0,8179,8179,0,66406,33600,33051,549,32806,30729,2077,72290,36692,26335,10357,35598,18472,17126,65465,32962,11362,21600,32503,7297,25206,73503,37434,7616,29818,36069,4996,31073,63308,31894,5152,26742,31414,3950,27464,56477,28488,4289,24199,27989,3599,24390,54993,27684,3995,23689,27309,3836,23473,57130,28712,4269,24443,28418,4392,24026,59227,29726,4385,25341,29501,6081,23420,50027,24372,3774,20598,25655,7324,18331,46428,21450,4000,17450,24978,10128,14850,38818,16731,3975,12756,22087,12261,9826,26709,10058,3186,6872,16651,11570,5081,14640,4550,2087,2463,10090,8317,1773,8844,2099,1314,785,6745,6228,517,54669,0,0,0,0,0,0,0,0,14,25,34,144,535,5486,17919,14919,9347,4290,1956
39        ,507230,251093,123955,127138,256137,128735,127402,31718,16362,16362,0,15356,15356,0,34046,17421,17421,0,16625,16625,0,40529,20731,20731,0,19798,19798,0,8848,4555,4555,0,4293,4293,0,34907,18074,17854,220,16833,15963,870,39743,20742,16049,4693,19001,10634,8367,36392,18454,7224,11230,17938,4268,13670,40659,20592,4291,16301,20067,2923,17144,34868,17392,2687,14705,17476,2208,15268,30686,15620,2044,13576,15066,1917,13149,28283,14448,1994,12454,13835,1948,11887,27711,13927,1899,12028,13784,2342,11442,27419,13455,1926,11529,13964,3060,10904,23608,11347,1748,9599,12261,3658,8603,22423,10421,1847,8574,12002,4904,7098,19343,8558,1898,6660,10785,5674,5111,13504,5399,1666,3733,8105,5427,2678,7420,2379,1013,1366,5041,4140,901,5123,1216,746,470,3907,3597,310,24271,0,0,0,0,0,0,0,0,10,13,26,62,213,1184,7624,7076,4746,2193,1124
40        ,370355,182462,89357,93105,187893,94596,93297,22985,11782,11782,0,11203,11203,0,26980,13868,13868,0,13112,13112,0,31906,16440,16440,0,15466,15466,0,6609,3350,3350,0,3259,3259,0,25153,13150,12958,192,12003,11274,729,25078,12706,9335,3371,12372,6259,6113,23826,11971,3956,8015,11855,2412,9443,28664,14216,2678,11538,14448,1774,12674,25935,13045,1919,11126,12890,1518,11372,22752,11661,1587,10074,11091,1355,9736,20302,10382,1394,8988,9920,1380,8540,20452,10344,1588,8756,10108,1768,8340,20310,9891,1531,8360,10419,2369,8050,17719,8217,1217,7000,9502,2864,6638,17558,8230,1506,6724,9328,3943,5385,14651,6453,1501,4952,8198,4569,3629,10393,4033,1366,2667,6360,4508,1852,5683,1870,850,1020,3813,3193,620,3399,853,531,322,2546,2370,176,19702,0,0,0,0,0,0,0,0,7,13,20,55,166,1100,6506,5641,3654,1750,790
41        ,417457,202807,94435,108372,214650,105739,108911,23741,12166,12166,0,11575,11575,0,27625,14229,14229,0,13396,13396,0,32567,16827,16827,0,15740,15740,0,6753,3468,3468,0,3285,3285,0,25996,13538,13392,146,12458,11769,689,26216,13340,9981,3359,12876,6497,6379,25884,12882,4441,8441,13002,2572,10430,31390,15751,2949,12802,15639,2063,13576,26869,13550,1982,11568,13319,1661,11658,23039,11516,1528,9988,11523,1550,9973,22416,11221,1542,9679,11195,1581,9614,23618,11725,1569,10156,11893,2047,9846,25051,11744,1603,10141,13307,2977,10330,22870,10627,1447,9180,12243,3563,8680,23822,10900,1676,9224,12922,5056,7866,20689,8991,1795,7196,11698,6195,5503,14819,6025,1794,4231,8794,5860,2934,8506,2866,1184,1682,5640,4547,1093,5586,1441,862,579,4145,3805,340,28091,0,0,0,0,0,0,0,0,19,14,20,77,270,1552,8659,7897,5552,2690,1341
42        ,1005641,497343,233918,263425,508298,244569,263729,62522,32082,32082,0,30440,30440,0,70683,36453,36453,0,34230,34230,0,84488,43578,43578,0,40910,40910,0,16915,8745,8745,0,8170,8170,0,65166,33262,32725,537,31904,29852,2052,72516,36465,25007,11458,36051,16611,19440,70544,35588,10505,25083,34956,6163,28793,80987,40914,6879,34035,40073,4476,35597,70699,35999,4790,31209,34700,3592,31108,61199,31504,3930,27574,29695,3241,26454,56686,28709,3649,25060,27977,3440,24537,58564,29524,3863,25661,29040,4376,24664,58931,29525,4224,25301,29406,6196,23210,49341,23727,3643,20084,25614,7520,18094,44726,20496,3779,16717,24230,10107,14123,36413,15482,3742,11740,20931,11690,9241,24970,9430,3208,6222,15540,11038,4502,13005,4038,1940,2098,8967,7469,1498,7286,1822,1176,646,5464,5048,416,48691,0,0,0,0,0,0,0,0,25,28,36,97,452,3720,16721,13617,8580,3737,1678
43        ,590133,290344,136643,153701,299789,145847,153942,36691,18817,18817,0,17874,17874,0,40954,20945,20945,0,20009,20009,0,46507,23818,23818,0,22689,22689,0,9527,4748,4748,0,4779,4779,0,36311,18888,18640,248,17423,16327,1096,39898,20987,15449,5538,18911,8758,10153,38473,19298,6270,13028,19175,3362,15813,46002,23245,4079,19166,22757,2648,20109,39081,20022,2835,17187,19059,2137,16922,33205,17059,2243,14816,16146,1916,14230,31068,15751,2178,13573,15317,2019,13298,32067,15997,2344,13653,16070,2561,13509,32983,16013,2292,13721,16970,3541,13429,31365,14740,2070,12670,16625,4686,11939,31544,14637,2457,12180,16907,6401,10506,27270,11975,2522,9453,15295,7867,7428,19419,7946,2361,5585,11473,7765,3708,10630,3574,1479,2095,7056,5682,1374,7138,1884,1096,788,5254,4826,428,36968,0,0,0,0,0,0,0,0,14,14,31,74,252,2061,11579,10507,7311,3354,1771
44        ,992489,481224,228707,252517,511265,257106,254159,54324,27917,27917,0,26407,26407,0,62702,31966,31966,0,30736,30736,0,74571,37899,37899,0,36672,36672,0,16572,8577,8577,0,7995,7995,0,65990,33652,33456,196,32338,31350,988,66446,34535,29499,5036,31911,21341,10570,59690,29817,13303,16514,29873,8010,21863,75033,36938,8218,28720,38095,5690,32405,67542,33499,5101,28398,34043,4388,29655,61287,30299,4102,26197,30988,4162,26826,60981,30207,3709,26498,30774,4454,26320,62441,30813,3707,27106,31628,5413,26215,62409,30515,3764,26751,31894,7034,24860,52740,25299,3292,22007,27441,8089,19352,49676,22618,3691,18927,27058,11344,15714,41845,17853,3610,14243,23992,13017,10975,29683,11105,3189,7916,18578,12965,5613,16651,5024,2119,2905,11627,9523,2104,11906,2691,1588,1103,9215,8516,699,51060,0,0,0,0,0,0,0,0,54,68,71,179,736,3407,15486,14301,9705,4574,2479
45        ,469801,231925,111020,120905,237876,116632,121244,27762,14173,14173,0,13589,13589,0,32923,16907,16907,0,16016,16016,0,39809,20287,20287,0,19522,19522,0,8322,4250,4250,0,4072,4072,0,31306,15865,15659,206,15441,14587,854,32067,16546,12626,3920,15521,8283,7238,31011,15531,5438,10093,15480,3225,12255,36421,18119,3454,14665,18302,2377,15925,34088,17273,2453,14820,16815,1929,14886,28935,14779,1906,12873,14156,1603,12553,26407,13366,1669,11697,13041,1721,11320,27397,13876,1890,11986,13521,2027,11494,27766,13800,1906,11894,13966,2759,11207,23904,11602,1636,9966,12302,3458,8844,21405,10104,1819,8285,11301,4531,6770,17412,7563,1714,5849,9849,5253,4596,12038,4782,1582,3200,7256,4977,2279,6614,2076,973,1103,4538,3743,795,4214,1026,678,348,3188,2960,228,23533,0,0,0,0,0,0,0,0,9,9,22,50,165,1513,7944,6573,4359,1934,955
46        ,650124,305478,138269,167209,344646,176025,168621,35958,18312,18312,0,17646,17646,0,39001,19906,19906,0,19095,19095,0,46282,23720,23720,0,22562,22562,0,9809,4968,4968,0,4841,4841,0,38132,19415,19274,141,18717,18011,706,40448,20413,16017,4396,20035,11222,8813,38541,19077,6838,12239,19464,4474,14990,46724,22993,4433,18560,23731,3364,20367,40883,20330,2945,17385,20553,2782,17771,34898,17317,2207,15110,17581,2493,15088,34565,16900,2106,14794,17665,2796,14869,36790,17602,2133,15469,19188,3675,15513,38492,17894,2135,15759,20598,5134,15464,36105,16043,2018,14025,20062,6510,13552,39012,16925,2426,14499,22087,9261,12826,36986,15213,2735,12478,21773,11863,9910,28516,10357,2681,7676,18159,12469,5690,17250,5268,1911,3357,11982,9694,2288,11732,2825,1504,1321,8907,8133,774,45531,0,0,0,0,0,0,0,0,25,13,39,133,419,2544,12575,12894,9350,4920,2619
47        ,512635,252696,120844,131852,259939,127725,132214,31740,16244,16244,0,15496,15496,0,36376,18662,18662,0,17714,17714,0,41684,21230,21230,0,20454,20454,0,8827,4523,4523,0,4304,4304,0,34848,18031,17807,224,16817,15613,1204,38092,19897,14259,5638,18195,8552,9643,34967,17618,5784,11834,17349,3257,14092,39581,19888,3488,16400,19693,2413,17280,34147,17306,2386,14920,16841,1939,14902,29675,15024,1964,13060,14651,1766,12885,28043,14299,1720,12579,13744,1867,11877,28343,14048,1809,12239,14295,2324,11971,28989,14097,1962,12135,14892,3153,11739,25116,11893,1609,10284,13223,3791,9432,23929,11201,1898,9303,12728,5150,7578,20358,8870,1913,6957,11488,6074,5414,14404,5763,1632,4131,8641,5881,2760,8346,2775,1165,1610,5571,4441,1130,5170,1327,789,538,3843,3536,307,27676,0,0,0,0,0,0,0,0,7,10,16,55,202,1526,8907,7792,5319,2591,1251
48        ,385581,186071,89434,96637,199510,102431,97079,23250,12035,12035,0,11215,11215,0,26728,13840,13840,0,12888,12888,0,32124,16421,16421,0,15703,15703,0,6424,3338,3338,0,3086,3086,0,24710,12682,12534,148,12028,11399,629,24770,12548,9130,3418,12222,6367,5855,24001,11812,3840,7972,12189,2539,9650,28966,14484,2603,11881,14482,1935,12547,24612,12237,1700,10537,12375,1578,10797,21883,11015,1490,9525,10868,1402,9466,19998,10092,1427,8665,9906,1462,8444,21218,10430,1557,8873,10788,1975,8813,21812,10374,1657,8717,11438,2793,8645,20640,9280,1422,7858,11360,3793,7567,21348,9555,1680,7875,11793,5166,6627,18198,7608,1654,5954,10590,6041,4549,13154,4924,1488,3436,8230,5824,2406,7400,2359,981,1378,5041,4179,862,4345,1037,637,400,3308,3086,222,24244,0,0,0,0,0,0,0,0,9,10,18,51,293,1515,7884,6782,4543,2183,956
49        ,323040,156837,75624,81213,166203,84649,81554,18815,9482,9482,0,9333,9333,0,20716,10722,10722,0,9994,9994,0,24488,12356,12356,0,12132,12132,0,5147,2615,2615,0,2532,2532,0,19960,10053,9878,175,9907,9180,727,20884,10835,8072,2763,10049,5108,4941,19562,10001,3713,6288,9561,2066,7495,22491,11303,2375,8928,11188,1473,9715,20246,10117,1687,8430,10129,1216,8913,18453,9428,1531,7897,9025,1213,7812,18141,9143,1535,7608,8998,1328,7670,19496,9671,1682,7989,9825,1821,8004,21033,10299,1892,8407,10734,2645,8089,19790,9310,1679,7631,10480,3602,6878,18489,8407,1812,6595,10082,4691,5391,15462,6473,1756,4717,8989,5490,3499,10540,3920,1365,2555,6620,4958,1662,5883,1836,901,935,4047,3474,573,3444,866,571,295,2578,2393,185,20597,0,0,0,0,0,0,0,0,10,11,15,90,309,1778,6614,5709,3573,1694,794
50        ,436500,214186,104094,110092,222314,111979,110335,26370,13548,13548,0,12822,12822,0,29491,15248,15248,0,14243,14243,0,36319,18506,18506,0,17813,17813,0,7867,4016,4016,0,3851,3851,0,29547,14974,14746,228,14573,13575,998,30670,15678,11077,4601,14992,7534,7458,27923,13903,4472,9431,14020,2899,11121,31798,15976,3104,12872,15822,2163,13659,28202,14231,2188,12043,13971,1725,12246,25371,12996,1915,11081,12375,1528,10847,24814,12428,1918,10510,12386,1688,10698,25803,12942,2043,10899,12861,2207,10654,27565,13570,2231,11339,13995,3124,10871,23898,11349,1987,9362,12549,3977,8572,20840,9655,1921,7734,11185,4934,6251,17192,7399,1939,5460,9793,5751,4042,12263,4684,1686,2998,7579,5542,2037,6737,2173,983,1190,4564,3866,698,3830,910,566,344,2920,2737,183,24890,0,0,0,0,0,0,0,0,10,8,21,76,412,2478,8055,6652,4299,2025,854
51        ,222291,106389,52851,53538,115902,62012,53890,12884,6737,6737,0,6147,6147,0,15421,7950,7950,0,7471,7471,0,17802,9197,9197,0,8605,8605,0,3491,1795,1795,0,1696,1696,0,13635,7052,6961,91,6583,6229,354,14210,7259,5622,1637,6951,3741,3210,12675,6446,2530,3916,6229,1483,4746,14950,7445,1680,5765,7505,1097,6408,13321,6680,1163,5517,6641,941,5700,12226,6118,960,5158,6108,922,5186,11843,5867,946,4921,5976,1010,4966,12644,6140,1081,5059,6504,1378,5126,13200,6220,1032,5188,6980,1911,5069,12663,5730,964,4766,6933,2481,4452,13188,5761,1144,4617,7427,3562,3865,11809,4802,1106,3696,7007,4241,2766,8578,3123,943,2180,5455,4099,1356,4915,1422,633,789,3493,2951,542,2836,645,407,238,2191,2047,144,14616,0,0,0,0,0,0,0,0,9,4,13,43,162,866,4525,4195,2866,1332,601
52        ,533770,260361,126783,133578,273409,139370,134039,34337,17697,17697,0,16640,16640,0,37944,19343,19343,0,18601,18601,0,44043,22353,22353,0,21690,21690,0,9064,4736,4736,0,4328,4328,0,34972,17485,17043,442,17487,16056,1431,37361,18683,12327,6356,18678,8498,10180,36094,18050,5250,12800,18044,3321,14723,40521,20600,3755,16845,19921,2698,17223,34305,17505,2792,14713,16800,2091,14709,30890,15772,2374,13398,15118,1976,13142,29419,14772,2247,12525,14647,2114,12533,29571,14713,2469,12244,14858,2665,12193,33583,16398,2921,13477,17185,4215,12970,28728,13382,2576,10806,15346,5406,9940,25766,11674,2656,9018,14092,6732,7360,21062,8798,2570,6228,12264,7638,4626,14460,5165,1929,3236,9295,7131,2164,7600,2296,1133,1163,5304,4647,657,4050,939,612,327,3111,2923,188,29042,0,0,0,0,0,0,0,0,15,36,52,116,534,2996,9561,7965,4748,2157,862
53        ,108121,53798,26834,26964,54323,27301,27022,6270,3271,3271,0,2999,2999,0,7239,3735,3735,0,3504,3504,0,8249,4214,4214,0,4035,4035,0,1728,884,884,0,844,844,0,6853,3658,3629,29,3195,3002,193,6834,3565,2763,802,3269,1642,1627,6562,3345,1351,1994,3217,676,2541,7788,4004,886,3118,3784,523,3261,6928,3567,644,2923,3361,359,3002,6096,3143,563,2580,2953,363,2590,5899,2985,524,2461,2914,422,2492,6322,3227,640,2587,3095,533,2562,6658,3292,646,2646,3366,785,2581,6303,2999,602,2397,3304,1079,2225,6113,2926,699,2227,3187,1353,1834,5291,2428,628,1800,2863,1625,1238,3655,1506,559,947,2149,1544,605,2054,686,362,324,1368,1164,204,1279,363,234,129,916,849,67,6978,0,0,0,0,0,0,0,0,2,0,5,22,90,406,2127,2015,1332,640,339
54        ,376718,182120,92598,89522,194598,104857,89741,23252,11902,11902,0,11350,11350,0,24883,12799,12799,0,12084,12084,0,29543,14995,14995,0,14548,14548,0,6251,3163,3163,0,3088,3088,0,26562,13552,13367,185,13010,12300,710,29897,15224,11867,3357,14673,8883,5790,25934,13026,5246,7780,12908,3845,9063,27232,13727,3230,10497,13505,2561,10944,22087,10968,2002,8966,11119,1816,9303,20478,10179,1671,8508,10299,1696,8603,20509,10200,1599,8601,10309,1728,8581,21835,10727,1708,9019,11108,2179,8929,23538,11376,1828,9548,12162,3064,9098,19848,9291,1492,7799,10557,3557,7000,18242,8094,1594,6500,10148,4760,5388,15115,6193,1554,4639,8922,5427,3495,11020,3901,1225,2676,7119,5197,1922,6533,1855,792,1063,4678,3955,723,3959,948,564,384,3011,2819,192,19358,0,0,0,0,0,0,0,0,10,8,19,52,238,1250,6248,5344,3569,1735,885
55        ,363619,176561,84459,92102,187058,94628,92430,21784,11183,11183,0,10601,10601,0,23497,12064,12064,0,11433,11433,0,27634,14289,14289,0,13345,13345,0,5913,3040,3040,0,2873,2873,0,23530,12005,11809,196,11525,10772,753,25600,12906,9319,3587,12694,6532,6162,23138,11666,3935,7731,11472,2549,8923,25988,13018,2511,10507,12970,1837,11133,22343,11230,1766,9464,11113,1435,9678,20736,10392,1580,8812,10344,1390,8954,20657,10345,1508,8837,10312,1447,8865,22014,10919,1717,9202,11095,1914,9181,23523,11530,1967,9563,11993,2786,9207,21313,9993,1800,8193,11320,3667,7653,19561,8757,1713,7044,10804,5045,5759,16267,6699,1598,5101,9568,5843,3725,11055,4030,1364,2666,7025,5259,1766,5860,1740,808,932,4120,3590,530,3206,755,488,267,2451,2310,141,21596,0,0,0,0,0,0,0,0,7,8,13,53,371,1859,7216,6002,3726,1640,701
56        ,97218,46535,22379,24156,50683,26364,24319,5315,2731,2731,0,2584,2584,0,6298,3261,3261,0,3037,3037,0,7685,3931,3931,0,3754,3754,0,1538,746,746,0,792,792,0,6104,3207,3154,53,2897,2725,172,6432,3320,2428,892,3112,1566,1546,5764,2933,994,1939,2831,587,2244,6726,3360,625,2735,3366,425,2941,5720,2887,414,2473,2833,310,2523,5459,2629,371,2258,2830,344,2486,5319,2549,312,2237,2770,412,2358,5501,2683,399,2284,2818,564,2254,5964,2856,448,2408,3108,835,2273,5370,2501,448,2053,2869,1040,1829,5811,2529,531,1998,3282,1570,1712,5067,2120,574,1546,2947,1780,1167,3741,1383,498,885,2358,1793,565,2096,592,303,289,1504,1313,191,1308,317,211,106,991,933,58,5978,0,0,0,0,0,0,0,0,1,1,4,17,45,278,1823,1776,1225,518,290
57        ,268115,130507,64028,66479,137608,70722,66886,16630,8485,8485,0,8145,8145,0,19245,9723,9723,0,9522,9522,0,23275,11892,11892,0,11383,11383,0,4808,2419,2419,0,2389,2389,0,19072,9874,9670,204,9198,8573,625,20271,10351,6987,3364,9920,4944,4976,17769,8799,2536,6263,8970,1672,7298,20197,10148,1665,8483,10049,1201,8848,17031,8476,1126,7350,8555,952,7603,15948,7778,900,6878,8170,975,7195,15362,7603,932,6671,7759,1158,6601,15363,7474,1027,6447,7889,1478,6411,15345,7385,1193,6192,7960,2061,5899,12986,6038,1052,4986,6948,2497,4451,12189,5482,1233,4249,6707,3278,3429,10169,4390,1265,3125,5779,3618,2161,6888,2597,1021,1576,4291,3294,997,3583,1096,571,525,2487,2172,315,1984,497,331,166,1487,1410,77,12984,0,0,0,0,0,0,0,0,14,15,17,34,137,734,4383,3811,2355,1018,466
58        ,141890,68999,34049,34950,72891,37761,35130,8133,4159,4159,0,3974,3974,0,9285,4734,4734,0,4551,4551,0,11831,6201,6201,0,5630,5630,0,2550,1325,1325,0,1225,1225,0,9745,4987,4921,66,4758,4452,306,9894,5062,3610,1452,4832,2381,2451,8556,4338,1411,2927,4218,837,3381,9380,4723,910,3813,4657,575,4082,8676,4266,662,3604,4410,544,3866,8192,4075,608,3467,4117,525,3592,8347,4135,568,3567,4212,622,3590,8703,4208,656,3552,4495,911,3584,8674,4202,720,3482,4472,1260,3212,7632,3515,633,2882,4117,1510,2607,7536,3461,797,2664,4075,2000,2075,6429,2733,801,1932,3696,2272,1424,4489,1757,669,1088,2732,2055,677,2449,788,436,352,1661,1445,216,1389,330,228,102,1059,992,67,8174,0,0,0,0,0,0,0,0,5,3,8,37,112,477,2646,2319,1565,720,282
59        ,325066,158013,76279,81734,167053,84762,82291,20661,10569,10569,0,10092,10092,0,22169,11448,11448,0,10721,10721,0,27518,14232,14232,0,13286,13286,0,5757,2932,2932,0,2825,2825,0,22933,11682,11413,269,11251,10273,978,24417,12706,8320,4386,11711,5263,6448,21742,10955,2993,7962,10787,1881,8906,24277,12181,1928,10253,12096,1465,10631,20086,10083,1253,8830,10003,1205,8798,18309,9062,1093,7969,9247,1107,8140,17426,8562,1019,7543,8864,1285,7579,18024,8631,1102,7529,9393,1703,7690,18776,9028,1304,7724,9748,2401,7347,16241,7443,1212,6231,8798,2961,5837,16007,7104,1500,5604,8903,4156,4747,13398,5631,1539,4092,7767,4699,3068,9446,3527,1250,2277,5919,4425,1494,5003,1559,740,819,3444,2935,509,2876,678,432,246,2198,2079,119,17955,0,0,0,0,0,0,0,0,4,7,12,29,130,1462,5937,5012,3269,1468,625
60        ,462891,225930,111656,114274,236961,122355,114606,29356,15111,15111,0,14245,14245,0,31968,16358,16358,0,15610,15610,0,36964,19020,19020,0,17944,17944,0,7532,3894,3894,0,3638,3638,0,30724,15761,15548,213,14963,14022,941,36348,18740,13475,5265,17608,8910,8698,33864,17434,5890,11544,16430,3301,13129,35955,18454,3410,15044,17501,2185,15316,28247,14253,2047,12206,13994,1610,12384,26305,13132,1801,11331,13173,1676,11497,26150,12854,1730,11124,13296,2085,11211,26067,12616,1823,10793,13451,2712,10739,25103,12006,1879,10127,13097,3566,9531,21764,10040,1674,8366,11724,4215,7509,21258,9484,2030,7454,11774,5625,6149,18863,7939,2146,5793,10924,6620,4304,13867,5114,1818,3296,8753,6525,2228,7848,2464,1195,1269,5384,4630,754,4708,1256,807,449,3452,3236,216,22686,0,0,0,0,0,0,0,0,10,9,18,37,119,975,6881,6616,4584,2273,1164
61        ,187004,91929,47692,44237,95075,50746,44329,12990,6784,6784,0,6206,6206,0,13579,6979,6979,0,6600,6600,0,16013,8183,8183,0,7830,7830,0,3316,1660,1660,0,1656,1656,0,12657,6410,6312,98,6247,5821,426,13279,6855,5067,1788,6424,3240,3184,12650,6439,2256,4183,6211,1271,4940,13781,7077,1447,5630,6704,881,5823,11708,5999,991,5008,5709,687,5022,10820,5309,832,4477,5511,728,4783,10422,5211,863,4348,5211,855,4356,10619,5304,924,4380,5315,1129,4186,10114,4914,917,3997,5200,1467,3733,8614,4044,814,3230,4570,1707,2863,8657,3964,980,2984,4693,2364,2329,7649,3271,1028,2243,4378,2781,1597,5264,2052,828,1224,3212,2429,783,3010,979,490,489,2031,1798,233,1862,495,337,158,1367,1296,71,9395,0,0,0,0,0,0,0,0,5,4,12,43,90,469,2892,2738,1803,887,452
62        ,723108,345465,172903,172562,377643,203581,174062,41242,21142,21142,0,20100,20100,0,46792,23877,23877,0,22915,22915,0,57382,29484,29484,0,27898,27898,0,12012,6133,6133,0,5879,5879,0,49472,25097,24635,462,24375,22980,1395,59975,29750,21640,8110,30225,17616,12609,52609,26246,9495,16751,26363,7290,19073,55015,27459,5721,21738,27556,4832,22724,43438,21447,3494,17953,21991,3458,18533,41128,20103,2962,17141,21025,3408,17617,40329,19638,2934,16704,20691,3601,17090,40913,19661,2979,16682,21252,4737,16515,41759,20055,3407,16648,21704,6174,15530,35981,16330,3013,13317,19651,7429,12222,34626,14904,3363,11541,19722,9965,9757,29877,11991,3325,8666,17886,11393,6493,21303,7416,2726,4690,13887,10723,3164,11805,3189,1583,1606,8616,7549,1067,7450,1543,990,553,5907,5634,273,35307,0,0,0,0,0,0,0,0,21,13,27,64,236,2408,11506,10132,6597,2916,1387
63        ,2375410,1142663,588708,553955,1232747,673019,559728,147049,75507,75507,0,71542,71542,0,164836,84446,84446,0,80390,80390,0,207669,106365,106365,0,101304,101304,0,43756,22463,22463,0,21293,21293,0,176522,89707,87784,1923,86815,81633,5182,190627,96092,67753,28339,94535,52249,42286,160421,80488,26346,54142,79933,19197,60736,161386,80781,15474,65307,80605,12394,68211,138863,68907,10861,58046,69956,10078,59878,136527,66617,9806,56811,69910,10319,59591,136569,66271,9831,56440,70298,12037,58261,138271,66304,10753,55551,71967,16361,55606,137007,65161,11728,53433,71846,21422,50424,119478,53983,10658,43325,65495,25992,39503,110892,48201,11648,36553,62691,32917,29774,90719,36327,11040,25287,54392,36061,18331,62257,21534,8517,13017,40723,32152,8571,33860,9364,4906,4458,24496,21785,2711,18701,4145,2822,1323,14556,13893,663,111188,0,0,0,0,0,0,0,0,75,85,119,255,960,6236,39284,32051,19581,8715,3827
64        ,382707,182522,89336,93186,200185,106104,94081,22011,11294,11294,0,10717,10717,0,24789,12752,12752,0,12037,12037,0,30665,15652,15652,0,15013,15013,0,6576,3385,3385,0,3191,3191,0,25867,13145,12899,246,12722,11933,789,28421,14375,10211,4164,14046,7453,6593,24190,12113,4030,8083,12077,2765,9312,26664,13353,2572,10781,13311,1987,11324,22021,10859,1702,9157,11162,1537,9625,21390,10416,1465,8951,10974,1597,9377,22072,10734,1480,9254,11338,1821,9517,22557,10861,1553,9308,11696,2460,9236,23160,10869,1716,9153,12291,3445,8846,19924,9071,1601,7470,10853,3974,6879,20228,8873,1855,7018,11355,5604,5751,17891,7274,1940,5334,10617,6587,4030,12667,4526,1611,2915,8141,6211,1930,7174,2005,995,1010,5169,4515,654,4440,965,623,342,3475,3257,218,21201,0,0,0,0,0,0,0,0,6,5,18,38,131,1073,6841,6252,4098,1847,892
65        ,71906,35909,19970,15939,35997,20141,15856,4976,2506,2506,0,2470,2470,0,5447,2753,2753,0,2694,2694,0,6156,3202,3202,0,2954,2954,0,1179,598,598,0,581,581,0,4485,2340,2318,22,2145,2018,127,4648,2504,1983,521,2144,1152,992,4664,2471,1089,1382,2193,465,1728,5346,2917,803,2114,2429,322,2107,4508,2325,505,1820,2183,248,1935,4050,2153,502,1651,1897,247,1650,3656,1901,430,1471,1755,305,1450,3593,1810,460,1350,1783,417,1366,3854,1968,533,1435,1886,613,1273,3284,1477,393,1084,1807,773,1034,3599,1681,484,1197,1918,1002,916,3468,1525,571,954,1943,1227,716,2566,1004,412,592,1562,1175,387,1516,511,255,256,1005,868,137,911,263,173,90,648,610,38,4294,0,0,0,0,0,0,0,0,2,1,1,10,30,126,1213,1284,903,475,249
