zoneid,81sas070615,81sas070616,81sas070617,81sas070618,81sas070619,81sas070620,81sas070621,81sas070622,81sas070623,81sas070624,81sas070625,81sas070626,81sas070627,81sas070628,81sas070629,81sas070630,81sas070631,81sas070632,81sas070633,81sas070634,81sas070635,81sas070636,81sas070637,81sas070638,81sas070639,81sas070640,81sas070641
01AA      ,1837,903,536,76,161,5,857,264,177,597,423,315,146,41,23,161,14,16,1530,848,497,1492,821,378,38,27,119
01AB      ,42673,23042,14192,1550,1355,103,11820,5134,2735,21457,15006,9904,5368,1284,1075,2478,263,375,34827,21495,12742,33265,18886,7811,1562,2609,4931
01AC      ,41980,16167,15817,1693,733,134,7649,2188,1908,27212,12866,13143,4186,312,486,1240,68,146,36554,15787,15185,35138,13658,8864,1416,2129,6321
01AD      ,38215,18824,13437,1561,846,97,10003,3724,2208,21481,13287,10336,3832,845,618,1338,122,178,33045,17857,12641,31871,15852,7556,1174,2005,5085
01AE      ,53071,19397,20868,2163,717,166,13458,3498,3395,29846,14528,16062,5333,539,894,2271,115,351,45467,18743,19623,44084,16619,12093,1383,2124,7530
01AF      ,40547,16919,15569,1529,640,111,8778,2868,2205,24920,12774,12470,4066,535,605,1254,102,178,35227,16282,14786,33850,14201,8712,1377,2081,6074
01AG      ,34175,21104,9286,1290,671,86,11314,4600,1814,15146,13987,6224,4013,1541,872,2412,305,290,27750,19258,8124,26708,17122,5412,1042,2136,2712
01AH      ,62026,26272,24112,2687,1256,151,15393,4817,3923,36752,19393,18960,5373,660,783,1821,146,295,54832,25466,23034,53011,22404,13783,1821,3062,9251
01AJ      ,59296,19975,25808,2325,896,136,15646,3406,4068,34770,15287,20764,4913,304,583,1642,82,257,52741,19589,24968,51272,17143,13300,1469,2446,11668
01AK      ,52286,14304,20617,2259,492,143,9786,1878,2462,35340,11705,17398,3781,179,444,1120,50,170,47385,14075,20003,46441,12482,11551,944,1593,8452
01AL      ,52333,19464,22513,2100,872,130,11376,3096,2982,33486,15102,18656,3972,298,531,1399,96,214,46962,19070,21768,45364,16364,11421,1598,2706,10347
01AM      ,34811,11858,12648,1300,724,64,5426,1661,1274,23791,9258,10966,3397,163,253,897,52,91,30517,11643,12304,29578,10131,6336,939,1512,5968
01AN      ,65137,26020,26152,2653,933,161,18078,5108,4338,36073,19062,20272,6225,775,1030,2108,142,351,56804,25103,24771,55038,22047,14099,1766,3056,10672
01AP      ,45376,25207,13855,1554,1244,100,13696,5445,2694,22000,16801,9734,4994,1362,888,3132,355,439,37250,23490,12528,35802,20905,8092,1448,2585,4436
02AQ      ,38430,9438,15602,1537,316,75,8159,1095,1779,25497,7938,13460,2582,62,199,655,27,89,35193,9349,15314,34600,8137,7126,593,1212,8188
02AR      ,78506,24258,31603,2619,938,166,26022,4671,5775,33483,17556,22925,9457,810,1719,6925,283,1018,62124,23165,28866,59837,19860,15107,2287,3305,13759
02AS      ,60284,13273,27036,2174,489,105,20486,2128,4450,31181,10417,21563,4552,160,558,1891,79,360,53841,13034,26118,52816,11522,13420,1025,1512,12698
02AT      ,67428,22639,27309,2993,981,192,16865,3648,4016,37588,17413,21619,6869,475,997,3113,122,485,57446,22042,25827,55760,19695,15990,1686,2347,9837
02AU      ,82254,20931,35626,2507,744,106,33331,4148,6937,35456,15460,26725,6594,399,1125,4366,180,733,71294,20352,33768,69484,17802,16454,1810,2550,17314
02AW      ,88598,24319,38371,3051,839,162,31728,4531,6896,42803,18328,29524,7308,441,1176,3708,180,613,77582,23698,36582,75559,20754,19641,2023,2944,16941
02AX      ,76804,23386,32446,3186,924,212,21665,4417,5297,43075,17359,25653,6337,551,891,2541,135,393,67926,22700,31162,66243,20197,19071,1683,2503,12091
02AY      ,70211,17728,31159,2592,686,139,21244,2905,4708,35233,13690,24732,7263,342,955,3879,105,625,59069,17281,29579,57406,14933,14426,1663,2348,15153
02AZ      ,53929,15369,23785,2060,607,125,15216,2583,3814,31323,11865,19119,3900,248,478,1430,66,249,48599,15055,23058,47533,13199,11692,1066,1856,11366
02BA      ,54394,14176,23258,2033,542,95,20023,2700,4243,23757,10534,17636,5467,308,861,3114,92,423,45813,13776,21974,44614,12046,11552,1199,1730,10422
02BB      ,68606,14953,29031,2672,685,106,21631,2014,4183,36103,11984,23685,5571,193,616,2629,77,441,60406,14683,27974,59374,13014,13329,1032,1669,14645
02BC      ,65654,15503,29191,2713,696,136,21809,2730,4903,33705,11794,23208,5127,203,617,2300,80,327,58227,15220,28247,56855,13293,13846,1372,1927,14401
02BD      ,56271,16059,23809,2275,559,96,16549,2959,3837,31395,12102,18954,4328,348,660,1724,91,262,50219,15620,22887,49104,13773,12991,1115,1847,9896
02BE      ,36909,10355,15821,1096,436,69,14425,2279,3057,16341,7294,11836,3400,263,570,1647,83,289,31862,10009,14962,30988,8644,7640,874,1365,7322
02BF      ,45319,13377,19380,1510,398,87,15166,2641,3438,22661,9982,14992,4231,293,633,1751,63,230,39337,13021,18517,38103,11306,9826,1234,1715,8691
02BG      ,61849,16043,26140,2041,536,116,19618,2789,4480,29738,12308,20088,6958,295,928,3494,115,528,51397,15633,24684,50063,13792,12898,1334,1841,11786
02BH      ,44215,14606,17692,1298,372,75,17627,3425,3799,18401,10036,12334,4491,598,1089,2398,175,395,37326,13833,16208,36055,11934,8776,1271,1899,7432
02BJ      ,46838,12575,20471,1545,638,87,17701,2567,3821,21479,9053,15674,4113,233,594,2000,84,295,40725,12258,19582,39642,10646,9624,1083,1612,9958
02BK      ,55623,15310,23750,1938,600,147,14388,2527,3436,32263,11829,19252,5251,283,644,1783,71,271,48589,14956,22835,47235,12999,11546,1354,1957,11289
03BL      ,63992,13461,31462,3225,692,175,16921,1628,4310,36677,10776,25028,4514,247,1224,2655,118,725,56823,13096,29513,55636,11080,15139,1187,2016,14374
03BM      ,45246,9887,21977,1823,423,109,13497,1432,3444,23750,7681,16811,3598,232,919,2578,119,694,39070,9536,20364,38224,8077,10526,846,1459,9838
03BN      ,96836,31800,41874,4685,1687,217,20077,4468,5362,63075,24967,34631,6173,507,1100,2826,171,564,87837,31122,40210,85349,25940,18995,2488,5182,21215
03BP      ,55154,12403,28271,2634,587,138,13958,1337,3628,32388,10152,22999,3925,217,868,2249,110,638,48980,12076,26765,47807,10262,14161,1173,1814,12604
03BQ      ,50563,11218,25079,2242,492,133,13286,1355,3582,29259,9044,19933,3645,226,863,2131,101,568,44787,10891,23648,43834,9183,12470,953,1708,11178
03BR      ,57369,14996,26370,2906,738,102,12489,1774,3326,36825,12151,21787,3279,225,675,1870,108,480,52220,14663,25215,51139,12217,11719,1081,2446,13496
03BS      ,76464,16648,36143,3177,813,117,26122,2592,5846,37613,12729,27995,5483,352,1290,4069,162,895,66912,16134,33958,65411,13752,16483,1501,2382,17475
03BT      ,55426,12272,27319,2662,545,132,13128,1293,3527,33824,10116,22211,3720,210,854,2092,108,595,49614,11954,25870,48640,10223,13440,974,1731,12430
03BU      ,57654,13949,26259,2742,654,92,18337,2106,4316,30178,10825,20470,3603,244,778,2794,120,603,51257,13585,24878,50123,11567,12100,1134,2018,12778
03BW      ,76768,14484,36966,3515,707,202,18227,1616,4737,48131,11820,30235,4318,217,980,2577,124,812,69873,14143,35174,68961,12055,17996,912,2088,17178
04BX      ,36459,10347,17038,2042,501,86,7316,1060,2055,24741,8697,14591,1595,49,166,765,40,140,34099,10258,16732,33533,8861,7502,566,1397,9230
04BY      ,107324,34867,47924,4948,1623,213,23044,5157,6158,70891,27472,40066,5273,368,802,3168,247,685,98883,34252,46437,96562,28954,19224,2321,5298,27213
04BZ      ,46196,9025,21693,2101,437,75,11745,1090,3099,29121,7296,17685,1788,109,435,1441,93,399,42967,8823,20859,42452,7519,10264,515,1304,10595
04CA      ,70678,18858,33056,3001,823,125,22490,2960,5221,37084,14564,26029,4658,317,900,3445,194,781,62575,18347,31375,61117,15556,14433,1458,2791,16942
04CB      ,78595,19473,35527,3427,987,141,25000,3061,5591,42514,14931,28061,4141,312,953,3513,182,781,70941,18979,33793,69528,15861,14491,1413,3118,19302
05CC      ,55583,10474,24444,3351,573,195,12835,1120,3196,35382,8538,19790,2326,159,694,1689,84,569,51568,10231,23181,50922,8693,10433,646,1538,12748
05CE      ,71969,13138,30393,4869,793,290,17761,1496,4258,43590,10498,24330,3252,194,784,2497,157,731,66220,12787,28878,65276,10607,12867,944,2180,16011
05CF      ,62660,10810,28570,3844,694,225,15592,1263,3930,38789,8616,23195,2586,143,653,1849,94,567,58225,10573,27350,57509,8978,12882,716,1595,14468
05CG      ,130786,30089,62732,7543,1831,499,32913,4196,8360,79041,23437,51565,6967,409,1284,4322,216,1024,119497,29464,60424,116468,24682,24983,3029,4782,35441
06CH      ,50718,11731,24146,2741,578,117,12028,1376,3152,32763,9600,20033,1755,92,473,1431,85,371,47532,11554,23302,46815,9965,11058,717,1589,12244
06CJ      ,62959,18317,30043,3107,941,169,16532,2915,4499,38425,14196,24388,2685,149,550,2210,116,437,58064,18052,29056,56858,15336,13122,1206,2716,15934
06CK      ,48277,11263,22902,2625,515,124,13621,1446,3300,28555,9082,18561,1886,123,479,1590,97,438,44801,11043,21985,44033,9289,10226,768,1754,11759
06CL      ,37187,8841,16257,2536,470,94,8369,997,2141,23942,7234,13442,1229,73,270,1111,67,310,34847,8701,15677,34362,7353,7117,485,1348,8560
06CM      ,66948,14954,30808,3977,866,216,15449,1758,4121,43222,12091,25423,2233,146,555,2067,93,493,62648,14715,29760,61801,12677,12894,847,2038,16866
07CN      ,235969,62098,103945,11152,3286,572,56657,9115,14380,148087,48514,85214,12688,836,2381,7385,347,1398,215896,60915,100166,210486,52047,47173,5410,8868,52993
07CQ      ,75022,17059,34944,4605,1233,227,17011,2219,4739,47669,13323,28711,3601,179,749,2136,105,518,69285,16775,33677,67978,14328,17100,1307,2447,16577
07CR      ,79791,14417,38008,3291,811,154,22340,1721,4929,46663,11541,31411,4613,217,908,2884,127,606,72294,14073,36494,70901,12044,16276,1393,2029,20218
07CS      ,74099,15778,34330,3428,786,196,15304,1695,3504,50319,13034,29560,3408,178,650,1640,85,420,69051,15515,33260,67501,13248,15585,1550,2267,17675
07CT      ,52867,10736,24892,2532,545,92,19008,1675,4020,25378,8271,19621,3143,154,660,2806,91,499,46918,10491,23733,45975,9002,10500,943,1489,13233
07CU      ,66297,13624,31099,3127,764,151,17127,1587,3772,39689,10974,25946,3872,172,758,2482,127,472,59943,13325,29869,58661,11504,14199,1282,1821,15670
07CW      ,59908,13153,26432,2909,784,147,13611,1644,3228,38338,10446,22068,3067,180,567,1983,99,422,54858,12874,25443,53510,10944,11819,1348,1930,13624
08CX      ,109174,25271,51401,7110,1277,627,28842,3129,6988,60755,20228,40989,7738,415,1657,4729,222,1140,96707,24634,48604,94407,20446,23629,2300,4188,24975
08CY      ,47166,10496,23877,3084,577,304,12277,1306,3115,26155,8296,18981,3344,214,846,2306,103,631,41516,10179,22400,40377,8272,9920,1139,1907,12480
08CZ      ,92252,18742,43177,6382,1193,594,25370,2338,5813,50174,14708,34198,6188,302,1527,4138,201,1045,81926,18239,40605,79992,15013,18167,1934,3226,22438
08DA      ,174208,41683,82191,10903,2408,800,49325,5868,11585,96083,32414,65670,10490,628,2334,7407,365,1802,156311,40690,78055,152667,34272,35154,3644,6418,42901
08DB      ,80007,15597,36565,4714,902,360,20987,1894,4891,48144,12457,29615,3497,205,921,2665,139,778,73845,15253,34866,72827,12955,15751,1018,2298,19115
09DC      ,19560,5817,9007,771,317,35,6080,1062,1393,10129,4217,7070,1695,158,300,885,63,209,16980,5596,8498,16310,4568,3304,670,1028,5194
09DD      ,97396,27290,41556,4245,1277,196,24952,4276,5633,58653,20977,33870,6280,550,1142,3266,210,715,87850,26530,39699,85407,22103,16202,2443,4427,23497
09DE      ,24126,4588,11022,1237,204,51,7127,604,1519,13231,3703,8995,1625,49,266,906,28,191,21595,4511,10565,21242,3897,4291,353,614,6274
09DF      ,33421,5622,14686,1484,299,73,10730,837,2363,17269,4320,11502,2461,109,418,1477,57,330,29483,5456,13938,29049,4666,6254,434,790,7684
09DG      ,20999,3894,8658,748,153,26,6377,538,1262,10707,3062,6758,1847,94,348,1320,47,264,17832,3753,8046,17447,3212,3489,385,541,4557
09DH      ,41134,7700,17648,1759,323,62,14668,1223,2931,18581,5773,13278,3675,262,743,2451,119,634,35008,7319,16271,34083,5958,6755,925,1361,9516
10DJ      ,43718,9303,18813,2348,465,108,11146,1160,2629,26517,7544,15458,2519,99,418,1188,35,200,40011,9169,18195,39218,8117,9914,793,1052,8281
10DK      ,29824,4639,13008,1100,209,62,10251,708,2186,14265,3588,9971,2554,83,473,1654,51,316,25616,4505,12219,25084,3918,6051,532,587,6168
10DL      ,36048,7304,15997,1584,403,90,11341,1071,2545,19111,5646,12666,2496,118,443,1516,66,253,32036,7120,15301,31319,6063,7556,717,1057,7745
10DM      ,30616,5428,13782,1317,276,66,10597,786,2257,15346,4234,10789,2119,93,432,1237,39,238,27260,5296,13112,26817,4669,6968,443,627,6144
11DN      ,24161,4765,10952,901,197,61,8684,790,1875,11868,3679,8570,1957,73,290,751,26,156,21453,4666,10506,21059,4068,5448,394,598,5058
11DP      ,34604,6257,14462,1293,269,43,12440,970,2431,16046,4799,11130,3050,153,530,1775,66,328,29779,6038,13604,29073,5054,6277,706,984,7327
11DQ      ,36372,9186,15394,1466,435,89,10939,1543,2412,19935,7037,12358,3023,123,357,1009,48,178,32340,9015,14859,31435,7637,6805,905,1378,8054
11DR      ,27874,6427,12305,1274,285,61,7003,973,1700,16973,5075,10228,2053,72,228,571,22,88,25250,6333,11989,24633,5519,6681,617,814,5308
11DS      ,38311,8603,16476,1320,341,67,15359,1635,3067,16113,6296,12265,3481,243,655,2038,88,422,32792,8272,15399,31853,7143,7285,939,1129,8114
11DT      ,33624,5833,14694,1320,246,43,14999,955,2721,13296,4443,11180,2593,131,488,1416,58,262,29615,5644,13944,29073,4863,6228,542,781,7716
12DU      ,37812,7404,16183,1554,450,71,12628,1154,2728,18039,5533,12426,3488,185,599,2103,82,359,32221,7137,15225,31595,6103,7283,626,1034,7942
12DW      ,25856,5146,10992,825,225,29,11792,923,2099,9330,3762,8002,2287,167,569,1622,69,293,21947,4910,10130,21344,4099,4200,603,811,5930
12DX      ,32539,5764,14849,1426,244,61,10206,885,2357,17822,4535,11924,2111,76,344,974,24,163,29454,5664,14342,29001,4934,7570,453,730,6772
12DY      ,17803,3882,7499,683,188,20,7494,715,1438,6605,2790,5500,1684,129,325,1337,60,216,14782,3693,6958,14320,3194,3149,462,499,3809
12DZ      ,44886,8631,19281,1733,379,71,16777,1312,3287,20124,6659,14821,4038,202,704,2214,79,398,38634,8350,18179,37662,7179,8298,972,1171,9881
13EB      ,23173,7332,10044,1048,529,60,7156,1421,1441,12433,5138,8047,1750,190,361,786,54,135,20637,7088,9548,19721,5828,3749,916,1260,5799
13EC      ,15002,2583,6104,547,100,17,3919,323,863,7394,2063,4764,2117,70,296,1025,27,164,11860,2486,5644,11536,2149,2644,324,337,3000
13EE      ,17243,2897,6986,559,98,24,3626,245,867,9706,2428,5650,2088,74,248,1264,52,197,13891,2771,6541,13549,2348,3318,342,423,3223
13EF      ,34916,5353,14408,1369,266,81,12088,751,2337,16740,4160,11168,2793,112,466,1926,64,356,30197,5177,13586,29654,4521,7176,543,656,6410
13EG      ,34531,6521,15020,1558,332,89,8707,845,2074,21084,5216,12296,1990,74,334,1192,54,227,31349,6393,14459,30723,5484,7019,626,909,7440
13EH      ,31278,5158,13191,1320,272,62,11417,831,2154,13646,3859,10063,2922,130,586,1973,66,326,26383,4962,12279,25660,4203,5194,723,759,7085
14EJ      ,29125,6857,12608,1239,363,47,9956,1102,2154,14146,5201,9648,1991,102,373,1793,89,386,25341,6666,11849,24690,5412,5019,651,1254,6830
14EK      ,20809,3418,10152,949,197,38,7211,453,1584,9878,2621,7865,1557,93,380,1214,54,285,18038,3271,9487,17672,2828,4884,366,443,4603
14EL      ,26402,5131,11579,1454,315,66,6517,611,1553,15481,4050,9230,1574,100,366,1376,55,364,23452,4976,10849,23078,4218,5034,374,758,5815
14EM      ,20708,4239,9562,1114,235,36,5942,541,1524,12198,3397,7661,756,33,172,698,33,169,19254,4173,9221,18975,3519,4191,279,654,5030
14EN      ,29523,5860,12585,1358,247,59,6951,610,1804,19525,4914,10303,1035,41,201,654,48,218,27834,5771,12166,27478,4929,6047,356,842,6119
14EP      ,40059,8572,18234,1481,430,60,15294,1352,3196,16498,6404,13548,3504,239,794,3282,147,636,33273,8186,16804,32313,6861,7953,960,1325,8851
14EQ      ,28970,5272,12367,1354,239,50,9167,649,1874,15295,4221,9678,1658,105,359,1496,58,406,25816,5109,11602,25388,4281,5359,428,828,6243
14ER      ,43571,8310,20322,2026,473,100,13346,1019,3053,24560,6618,16282,2080,125,462,1559,75,425,39932,8110,19435,39203,6769,9167,729,1341,10268
15ES      ,21700,4984,9758,1476,276,70,5015,524,1348,13792,4088,7976,751,54,183,666,42,181,20283,4888,9394,19877,4078,4342,406,810,5052
15ET      ,35010,6918,14969,2333,414,74,9545,800,2250,20946,5562,11994,1110,95,308,1076,47,343,32824,6776,14318,32326,5646,6208,498,1130,8110
15EU      ,32437,8120,14539,2106,455,97,8173,975,2157,20135,6556,11860,1135,86,222,888,48,203,30414,7986,14114,29790,6553,5794,624,1433,8320
15EW      ,41563,8707,18919,2599,507,129,12120,1219,3028,24145,6848,15086,1436,73,342,1263,60,334,38864,8574,18243,38231,7136,8146,633,1438,10097
16EX      ,17699,2573,6020,1674,113,17,4249,310,884,7753,1917,4256,2617,165,507,1406,68,356,13676,2340,5157,13382,1893,2330,294,447,2827
16EY      ,16700,3730,6821,574,186,37,4414,607,1035,7592,2660,4858,2591,186,496,1529,91,395,12580,3453,5930,12128,2794,2450,452,659,3480
16EZ      ,19149,3387,6666,710,168,20,4567,469,993,9472,2510,4799,2944,159,500,1456,81,354,14749,3147,5812,14404,2624,2644,345,523,3168
16FA      ,15550,2820,5337,443,121,22,3024,355,740,6919,2024,3655,3315,213,532,1849,107,388,10386,2500,4417,9985,1996,1942,401,504,2475
16FB      ,11768,2426,4160,329,94,14,2392,311,588,5494,1790,2875,2273,140,383,1280,91,300,8215,2195,3477,7845,1763,1530,370,432,1947
16FC      ,18969,3346,6614,697,136,14,4467,385,933,9748,2607,4619,2525,142,564,1532,76,484,14912,3128,5566,14544,2585,2774,368,543,2792
16FD      ,516,122,213,5,2,0,102,18,41,193,83,120,136,9,29,80,10,23,300,103,161,280,76,68,20,27,93
17FE      ,24174,4535,9834,1096,235,55,5477,489,1333,13818,3567,7443,2143,161,583,1640,83,420,20391,4291,8831,19961,3639,4371,430,652,4460
17FF      ,19324,3814,7870,1672,330,65,4059,310,973,12296,3058,6374,713,75,237,584,41,221,18027,3698,7412,17755,3045,3354,272,653,4058
17FG      ,25862,6037,11809,1175,321,50,6578,803,1623,14567,4699,9470,2104,135,375,1438,79,291,22320,5823,11143,21828,4839,4634,492,984,6509
17FH      ,19312,3623,7541,1090,188,31,4933,393,1058,11537,2903,5953,982,81,252,770,58,247,17560,3484,7042,17363,2978,3444,197,506,3598
17FJ      ,11855,2217,4129,420,92,12,2228,233,500,5632,1705,2944,2155,115,376,1420,72,297,8280,2030,3456,8055,1670,1415,225,360,2041
17FK      ,23814,5297,10396,1013,247,31,6113,719,1433,11456,3959,7630,3082,235,684,2150,137,618,18582,4925,9094,17975,4010,3708,607,915,5386
18FL      ,29842,5307,13258,1248,218,68,7908,583,1679,17288,4356,10697,2083,100,456,1315,50,358,26444,5157,12444,25938,4467,5751,506,690,6693
18FM      ,18288,3162,7194,801,124,35,4096,273,862,12055,2689,5869,749,46,233,587,30,195,16952,3086,6766,16781,2671,3205,171,415,3561
18FN      ,24819,4718,11039,1204,256,79,5978,585,1554,15788,3771,8971,1162,67,240,687,39,195,22970,4612,10604,22588,3893,4735,382,719,5869
18FP      ,56273,11577,24402,3987,770,219,14167,1438,3284,34127,9133,19986,2667,145,532,1325,91,381,52281,11341,23489,51297,9596,10180,984,1745,13309
18FQ      ,27117,5060,12661,1324,220,94,7267,578,1681,15979,4141,10286,1604,71,343,943,50,257,24570,4939,12061,24106,4276,5749,464,663,6312
18FR      ,21602,4186,10107,884,178,39,6161,539,1489,11466,3298,7770,1821,115,442,1270,56,367,18511,4015,9298,18085,3336,4512,426,679,4786
18FS      ,26529,4104,11558,1253,211,78,7672,496,1873,14437,3278,8884,1788,77,375,1379,42,348,23362,3985,10835,23036,3400,5176,326,585,5659
18FT      ,18873,3023,7765,987,152,58,5086,381,1157,10636,2369,6035,1235,84,291,929,37,224,16709,2902,7250,16419,2473,3329,290,429,3921
18FU      ,18364,3431,7540,685,125,25,4927,400,1040,8916,2665,5690,2352,160,463,1484,81,322,14528,3190,6755,14113,2589,2711,415,601,4044
19FW      ,23259,5112,9217,996,210,30,5959,719,1270,10254,3803,6680,3842,255,673,2208,125,564,17209,4732,7980,16494,3697,3175,715,1035,4805
19FX      ,23442,6495,11222,869,354,59,6677,1089,1711,13064,4904,8964,1837,86,270,995,62,218,20610,6347,10734,19868,5202,4364,742,1145,6370
19FY      ,14850,2815,5645,373,103,13,3176,340,778,7066,2153,4122,2748,160,449,1487,59,283,10615,2596,4913,10247,2066,2012,368,530,2901
19FZ      ,19299,3942,7624,709,193,17,4274,488,1020,8958,2927,5400,3426,214,629,1932,120,558,13941,3608,6437,13417,2948,2743,524,660,3694
19GA      ,62668,12302,23744,3213,667,143,16781,1755,3396,37178,9559,19154,3579,217,614,1917,104,437,57172,11981,22693,56327,10129,10244,845,1852,12449
19GB      ,16841,2933,6013,577,115,26,4544,471,922,7126,2029,4079,2855,217,542,1739,101,444,12247,2615,5027,11837,2087,2092,410,528,2935
19GC      ,21606,4703,9232,792,235,52,5629,704,1410,10120,3428,6576,3172,211,687,1893,125,507,16541,4367,8038,15908,3533,3388,633,834,4650
19GD      ,23582,5958,9942,815,276,31,6087,910,1464,10864,4393,6765,3816,230,930,2000,149,752,17766,5579,8260,17023,4500,3499,743,1079,4761
19GE      ,11937,2127,4316,432,78,8,2114,205,502,5625,1673,3098,2454,109,425,1312,62,283,8171,1956,3608,7874,1579,1493,297,377,2115
19GF      ,10554,1829,3773,302,93,9,2489,199,571,4633,1308,2552,1968,154,391,1162,75,250,7424,1600,3132,7129,1246,1274,295,354,1858
20GG      ,31805,9524,13186,1174,376,41,8474,1564,1939,15625,7075,9466,4469,349,1027,2063,160,713,25273,9015,11446,24157,7386,4898,1116,1629,6548
20GH      ,8264,1896,3663,279,77,7,2507,314,548,3891,1411,2762,1101,65,204,486,29,142,6677,1802,3317,6380,1432,1336,297,370,1981
20GJ      ,11715,2130,4460,359,79,14,3026,255,559,5516,1644,3360,1801,112,296,1013,40,231,8901,1978,3933,8578,1538,1553,323,440,2380
20GK      ,29608,6629,12930,1182,299,53,8813,1125,2019,14815,4981,10048,3233,153,450,1565,71,360,24810,6405,12120,24050,5297,5326,760,1108,6794
20GL      ,10998,1971,3955,574,90,19,3227,246,603,5343,1513,2936,1156,80,215,698,42,182,9144,1849,3558,8895,1493,1516,249,356,2042
20GM      ,19051,3889,7634,705,167,19,4964,592,1069,8833,2828,5652,2758,214,508,1791,88,386,14502,3587,6740,13897,2747,2558,605,840,4182
20GN      ,13977,2682,5512,527,141,27,4346,378,834,7130,2038,4079,1230,60,306,744,65,266,12003,2557,4940,11725,2072,2146,278,485,2794
20GP      ,16645,3056,6946,608,156,23,5785,471,1221,6855,2279,5088,2122,93,327,1275,57,287,13248,2906,6332,12829,2409,2842,419,497,3490
21GQ      ,13199,2387,6461,629,121,27,3777,309,975,7876,1914,5207,444,27,122,473,16,130,12282,2344,6209,12149,2022,3263,133,322,2946
21GR      ,24647,5324,11054,1423,322,69,6735,768,1743,14258,4110,8705,1230,74,247,1001,50,290,22416,5200,10517,21892,4365,4899,524,835,5618
21GS      ,17151,4067,9067,919,222,49,3961,456,1367,10704,3295,7211,819,46,217,748,48,223,15584,3973,8627,15270,3376,4279,314,597,4348
21GT      ,20621,4177,10158,784,249,56,6450,603,1692,11918,3218,8008,724,59,197,745,48,205,19152,4070,9756,18877,3539,4920,275,531,4836
21GU      ,23906,5070,9914,1368,272,70,4574,542,1312,16684,4183,8136,696,41,183,584,32,213,22626,4997,9518,22442,4345,4665,184,652,4853
21GW      ,22956,4622,10855,1449,259,109,5152,488,1486,14771,3786,8872,851,54,193,733,35,195,21372,4533,10467,21056,3960,6009,316,573,4458
21GX      ,6307,1161,2479,278,40,14,1452,126,344,3070,921,1796,912,52,190,595,22,135,4800,1087,2154,4698,924,1138,102,163,1016
21GY      ,14578,3118,6533,784,178,41,3133,338,856,9143,2518,5201,822,53,238,696,31,197,13060,3034,6098,12824,2615,3236,236,419,2862
22GZ      ,34685,10840,14859,1163,429,73,9770,1885,2279,17563,8038,11522,4521,351,649,1668,137,336,28496,10352,13874,27332,8433,5784,1164,1919,8090
22HA      ,15899,4990,7675,501,219,23,4495,833,1095,8096,3705,5908,1898,164,386,909,69,263,13092,4757,7026,12403,3734,2736,689,1023,4290
22HB      ,15951,4492,7209,472,219,40,4465,789,1174,7977,3260,5404,2066,145,354,971,79,237,12914,4268,6618,12409,3385,2819,505,883,3799
22HC      ,19140,6075,7886,601,189,34,5809,1180,1346,9106,4391,5879,2350,215,365,1274,100,262,15516,5760,7259,14748,4681,3220,768,1079,4039
22HD      ,18766,4297,8329,506,140,22,6380,733,1334,8603,3185,6318,2086,174,404,1191,65,251,15489,4058,7674,14868,3264,3157,621,794,4517
22HE      ,15286,3645,6539,408,129,25,4483,588,1018,6464,2645,4590,2380,196,487,1551,87,419,11355,3362,5633,10714,2542,2182,641,820,3451
22HF      ,27934,6020,11804,787,240,53,9509,1034,2003,11124,4268,8509,4055,335,746,2459,143,493,21420,5542,10565,20516,4401,4035,904,1141,6530
23HG      ,41472,7882,18057,1688,365,80,12780,985,2632,22354,6378,14763,3404,117,395,1246,37,187,36822,7728,17475,36325,6858,8814,497,870,8661
23HH      ,30375,4874,12464,954,295,57,9459,610,1826,15461,3780,9823,2967,124,460,1534,65,298,25874,4685,11706,25259,4007,5524,615,678,6182
23HJ      ,20704,4434,8842,675,199,34,8660,733,1592,8666,3388,6754,1472,70,255,1231,44,207,18001,4320,8380,17554,3704,3698,447,616,4682
23HK      ,23177,4016,9542,946,171,40,7615,485,1423,11303,3264,7611,2282,73,294,1031,23,174,19864,3920,9074,19565,3497,4735,299,423,4339
23HL      ,40170,7301,17539,1327,488,72,15759,1068,2968,18559,5555,13756,2813,138,458,1712,52,285,35645,7111,16796,34872,6135,7797,773,976,8999
23HM      ,35391,6821,14950,1396,397,90,11581,1046,2292,17674,5208,11778,3073,107,440,1667,63,350,30651,6651,14160,29919,5558,6005,732,1093,8155
23HN      ,33381,6993,13904,1024,271,34,11599,1165,2444,14777,5319,10435,3236,157,517,2745,81,474,27400,6755,12913,26678,5847,5967,722,908,6946
23HP      ,22765,5081,10546,982,218,47,6406,672,1576,13412,4128,8686,1464,48,173,501,15,64,20800,5018,10309,20503,4379,4932,297,639,5377
23HQ      ,13047,1973,5064,415,95,26,4287,272,824,5703,1492,3744,1679,73,262,963,41,208,10405,1859,4594,10149,1565,2187,256,294,2407
23HR      ,20367,3765,8799,736,187,20,7478,524,1435,9237,2945,6919,1886,66,257,1030,43,168,17451,3656,8374,17116,3191,3821,335,465,4553
23HS      ,37702,9327,15462,1044,354,52,12744,1561,2524,17974,7073,11850,3918,232,600,2022,107,436,31762,8988,14426,30816,7532,6728,946,1456,7698
23HT      ,24630,4965,10194,820,194,42,6933,649,1456,12553,3891,7781,2739,125,505,1585,106,410,20306,4734,9279,19605,3822,3640,701,912,5639
23HU      ,33967,6316,14139,1350,296,69,8403,708,1809,21219,5198,11806,2116,73,246,879,41,209,30972,6202,13684,30552,5465,6639,420,737,7045
23HW      ,17797,2927,7044,551,120,20,6408,428,1210,7627,2187,5223,1757,122,340,1454,70,251,14586,2735,6453,14144,2259,2864,442,476,3589
24HX      ,21823,6177,9526,901,262,36,6798,981,1409,11700,4773,7577,1544,117,284,880,44,220,19399,6016,9022,18845,4988,4085,554,1028,4937
24HY      ,17776,3502,6932,606,154,8,5042,485,1026,8418,2596,5156,2113,188,387,1597,79,355,14066,3235,6190,13508,2558,2374,558,677,3816
24HZ      ,19153,3042,7359,739,133,29,4562,384,984,10506,2373,5745,2101,106,338,1245,46,263,15807,2890,6758,15483,2448,3302,324,442,3456
24JA      ,23924,5691,11140,1108,331,59,6569,773,1674,14342,4470,9046,1228,83,210,677,34,151,22019,5574,10779,21519,4656,4739,500,918,6040
24JB      ,26891,4874,11459,1068,233,47,8180,679,1679,13637,3738,8858,2417,158,505,1589,66,370,22885,4650,10584,22349,3865,4788,536,785,5796
24JC      ,22693,4540,10279,966,186,34,7521,682,1664,11259,3510,8022,1725,101,322,1222,61,237,19746,4378,9720,19281,3685,4539,465,693,5181
25JD      ,36334,6935,17012,1491,324,76,12307,1041,2915,18573,5410,13339,2609,109,418,1354,51,264,32371,6775,16330,31742,5866,8317,629,909,8013
25JE      ,25233,4536,9903,872,178,20,8946,721,1757,11420,3409,7365,2522,152,444,1473,76,317,21238,4308,9142,20694,3545,4118,544,763,5024
25JF      ,26785,4515,11889,1206,186,52,9018,743,2014,13872,3466,9310,1682,86,278,1007,34,235,24096,4395,11376,23686,3750,5248,410,645,6128
25JG      ,24606,4170,10714,1360,228,62,9352,642,1958,11304,3168,8111,1567,87,334,1023,45,249,22016,4038,10131,21702,3456,4940,314,582,5191
25JH      ,22024,3885,8368,1109,215,63,6900,576,1296,12437,3019,6663,1060,45,191,518,30,155,20446,3810,8022,20197,3293,3980,249,517,4042
25JJ      ,22669,3507,8838,896,170,36,9983,596,1771,8955,2617,6457,1712,87,357,1123,37,217,19834,3383,8264,19532,2914,4013,302,469,4251
25JK      ,29624,5866,12984,1299,230,60,10097,821,2150,14846,4664,10153,2310,104,374,1072,47,247,26242,5715,12363,25783,4904,5872,459,811,6491
25JL      ,36570,7038,14698,1597,335,58,11481,1009,2328,17910,5271,11100,3429,287,653,2153,136,559,30988,6615,13486,30141,5396,5727,847,1219,7759
25JM      ,47237,11260,18621,2634,556,115,12813,1756,2822,27044,8631,14716,3310,200,586,1436,117,382,42491,10943,17653,41524,9187,8244,967,1756,9409
25JN      ,24684,4619,9459,1910,186,46,8438,750,1673,12164,3600,7406,1607,58,199,565,25,135,22512,4536,9125,22160,3977,4783,352,559,4342
25JP      ,52787,12819,22149,2499,598,121,12832,1979,3105,32761,9951,18105,3270,207,492,1425,84,326,48092,12528,21331,46991,10464,9020,1101,2064,12311
25JQ      ,26298,4437,10570,1115,176,27,8644,657,1810,12978,3451,8115,2112,96,345,1449,57,273,22737,4284,9952,22252,3608,4562,485,676,5390
25JR      ,24449,5228,10223,1031,248,36,8535,962,1813,11094,3751,7580,2131,164,460,1658,103,334,20660,4961,9429,20012,4105,3819,648,856,5610
26JS      ,23521,4452,11245,1076,289,60,7604,665,1856,11603,3369,8665,1699,86,349,1539,43,315,20283,4323,10581,19855,3592,4382,428,731,6199
26JT      ,12664,2758,5662,503,135,27,3227,400,779,7519,2161,4634,883,39,114,532,23,108,11249,2696,5440,10912,2254,2444,337,442,2996
26JU      ,9762,1742,3419,321,77,11,2039,188,500,4384,1301,2429,1909,122,281,1109,54,198,6744,1566,2940,6486,1257,1358,258,309,1582
26JW      ,21170,4268,8911,716,174,17,6332,623,1416,9595,3180,6599,2633,196,502,1894,95,377,16643,3977,8032,16095,3214,3628,548,763,4404
26JX      ,17838,2951,8695,676,119,45,5219,368,1295,10331,2409,7062,1110,39,181,502,16,112,16226,2896,8402,15970,2448,4906,256,448,3496
26JY      ,12562,2359,4588,483,87,15,2881,303,673,5766,1755,3304,2084,137,316,1348,77,280,9130,2145,3992,8857,1762,1863,273,383,2129
26JZ      ,19161,4480,9262,781,222,34,5245,682,1328,11204,3478,7530,1317,60,221,614,38,149,17230,4382,8892,16792,3659,4067,438,723,4825
26KA      ,25482,4607,11128,931,176,35,7994,688,1704,11815,3514,8393,2646,144,551,2096,85,445,20740,4378,10132,20176,3607,4569,564,771,5563
26KB      ,23639,4330,10896,722,234,50,7133,623,1575,12960,3347,8699,1613,74,312,1211,52,260,20815,4204,10324,20417,3519,5084,398,685,5240
27KC      ,23508,4494,10641,900,176,29,7789,673,1585,11329,3557,8597,2413,57,262,1077,31,168,20018,4406,10211,19610,3875,4773,408,531,5438
27KD      ,36967,7373,16456,1347,264,46,13002,1114,2805,17996,5788,12839,3061,145,503,1561,62,263,32345,7166,15690,31730,6184,7302,615,982,8388
27KE      ,31290,5794,13507,1038,258,32,12132,974,2375,13649,4370,10320,2618,143,453,1853,49,327,26819,5602,12727,26124,4758,5767,695,844,6960
27KF      ,25338,5929,11255,895,270,37,9605,1069,1972,11050,4410,8640,2268,112,380,1520,68,226,21550,5749,10649,20981,4892,4998,569,857,5651
27KG      ,29505,5585,13157,1023,249,61,10599,874,2192,14552,4303,10272,1890,114,380,1441,45,252,26174,5426,12525,25584,4578,6075,590,848,6450
27KH      ,35169,7546,15370,1324,480,64,14980,1492,2929,14784,5380,11572,2445,142,508,1636,52,297,31088,7352,14565,30288,6313,6590,800,1039,7975
27KJ      ,20902,4334,10013,1029,240,55,6425,604,1604,11821,3452,8159,1207,25,123,420,13,72,19275,4296,9818,19012,3772,5241,263,524,4577
27KK      ,21657,4746,9250,718,218,34,8242,789,1632,9799,3594,7080,1733,103,307,1165,42,197,18759,4601,8746,18294,3952,3747,465,649,4999
27KL      ,20771,4990,9299,776,268,36,6432,923,1493,11405,3683,7439,1509,81,209,649,35,122,18613,4874,8968,18199,4228,4130,414,646,4838
27KM      ,27117,5888,12528,1205,293,59,9815,887,2142,13309,4585,9851,1694,79,300,1094,44,176,24329,5765,12052,23574,4923,5578,755,842,6474
28KN      ,28275,5568,12471,1267,314,44,10812,880,2137,12333,4168,9546,1769,123,311,2094,83,433,24412,5362,11727,23777,4524,4502,635,838,7225
28KP      ,15901,2562,6196,754,141,29,3746,253,838,8853,2052,4794,1339,71,290,1209,45,245,13353,2446,5661,13130,2040,2602,223,406,3059
28KQ      ,18027,3515,7876,829,173,36,5168,425,994,10005,2826,6413,1138,51,235,887,40,198,16002,3424,7443,15571,2571,2366,431,853,5077
28KR      ,18810,3516,7374,791,193,35,4750,456,1007,9452,2636,5448,1930,136,455,1887,95,429,14993,3285,6490,14493,2652,2851,500,633,3639
28KS      ,17241,2699,6880,897,157,26,5038,319,1055,9200,2139,5317,1085,50,248,1021,34,234,15135,2615,6398,14853,2161,2782,282,454,3616
28KT      ,22584,5148,9623,996,229,45,5226,561,1090,14492,4243,8157,1102,66,189,768,49,142,20714,5033,9292,20125,3729,2770,589,1304,6522
28KU      ,12110,2055,4877,511,139,36,3869,302,805,5627,1527,3616,983,48,200,1120,39,220,10007,1968,4457,9789,1657,1928,218,311,2529
28KW      ,61296,15155,25839,3206,743,154,13464,1705,3066,40715,12504,21970,2651,126,342,1260,77,307,57385,14952,25190,55953,12296,8435,1432,2656,16755
28KX      ,14161,3203,6198,932,204,33,3068,342,808,9272,2601,5126,515,38,148,374,18,83,13272,3147,5967,13021,2578,2262,251,569,3705
29KY      ,15542,3406,6645,691,149,30,4291,493,984,8330,2610,5137,1431,103,276,799,51,218,13312,3252,6151,12931,2562,2486,381,690,3665
29KZ      ,10521,2207,4225,377,111,7,2709,292,573,4758,1618,2777,1576,114,409,1101,72,459,7844,2021,3357,7482,1579,1372,362,442,1985
30LC      ,22127,4318,9316,873,248,46,6517,650,1461,11117,3214,7179,2231,150,346,1389,56,284,18507,4112,8686,18015,3417,3865,492,695,4821
30LD      ,26564,6466,11758,981,324,61,8505,1040,1877,12892,4847,8901,2613,182,522,1573,73,397,22378,6211,10839,21583,5037,4658,795,1174,6181
30LE      ,21434,4476,9765,937,252,49,6909,679,1575,11508,3464,7806,1410,62,202,670,19,133,19354,4395,9430,19005,3801,4438,349,594,4992
30LF      ,26216,5031,10180,1249,195,45,7606,665,1505,14294,3966,7898,1774,118,401,1293,87,331,23149,4826,9448,22561,4064,4356,588,762,5092
30LG      ,25862,4512,10263,1345,240,57,8859,652,1758,13380,3517,8037,1608,72,253,670,31,158,23584,4409,9852,23255,3884,5130,329,525,4722
30LH      ,25695,5004,10244,1119,209,46,8089,683,1655,13745,3979,8026,1814,79,294,928,54,223,22953,4871,9727,22630,4190,4643,323,681,5084
30LJ      ,35549,6939,15282,1309,304,59,12906,1153,2618,16713,5277,11809,2905,145,475,1716,60,321,30928,6734,14486,30201,5696,6594,727,1038,7892
30LK      ,38327,6898,15652,1838,329,100,11465,907,2463,21569,5510,12446,2438,112,404,1017,40,239,34872,6746,15009,34447,5856,7987,425,890,7022
30LL      ,30802,5895,12833,942,234,35,12038,970,2259,12984,4415,9598,2762,182,551,2076,94,390,25964,5619,11892,25230,4707,5374,734,912,6518
30LM      ,20260,4498,8127,1150,172,27,6156,694,1308,9639,3403,6055,2028,145,392,1287,84,345,16945,4269,7390,16364,3433,3236,581,836,4154
30LN      ,28567,4870,11396,1057,183,51,8478,628,1723,15642,3904,9009,2145,102,307,1245,53,306,25177,4715,10783,24652,3954,5079,525,761,5704
30LP      ,25092,6126,11071,899,261,56,6842,934,1652,13056,4599,8219,2699,201,653,1596,131,491,20797,5794,9927,20014,4576,4362,783,1218,5565
30LQ      ,26783,4974,11639,977,235,42,9994,723,1824,12509,3848,9121,2041,114,385,1262,54,267,23480,4806,10987,22946,4095,4968,534,711,6019
30LR      ,24741,6158,10562,723,258,35,8774,1098,1707,10940,4509,7991,2731,201,496,1573,92,333,20437,5865,9733,19672,4733,4096,765,1132,5637
31LS      ,32645,7313,15803,1622,366,76,7700,839,2089,19724,5912,12464,2292,136,764,1307,60,410,29046,7117,14629,28337,6044,8062,709,1073,6567
31LT      ,33130,9240,16074,1463,433,58,7781,1351,2177,17407,6854,10848,4576,451,2068,1903,151,923,26651,8638,13083,25730,7161,6517,921,1477,6566
31LU      ,22752,4974,11630,1025,234,64,5386,546,1515,14017,4051,9194,1446,96,546,878,47,311,20428,4831,10773,19862,4120,6220,566,711,4553
31LW      ,24223,4374,11146,1057,215,58,7136,534,1701,13092,3480,8559,1734,95,481,1204,50,347,21285,4229,10318,20918,3674,5667,367,555,4651
31LX      ,17045,3904,7547,734,197,35,5961,554,1313,7391,2925,5429,1602,137,392,1357,91,378,14086,3676,6777,13609,3022,3369,477,654,3408
31LY      ,19814,4100,10235,953,156,58,4592,471,1255,11890,3316,8160,1529,112,482,850,45,280,17435,3943,9473,17013,3288,5378,422,655,4095
31LZ      ,27493,6379,12897,1111,310,62,7120,995,1870,14817,4781,9716,2758,193,702,1687,100,547,23048,6086,11648,22327,4846,4817,721,1240,6831
31MA      ,21487,4432,10285,1073,216,50,5025,459,1269,12573,3583,8108,1712,114,513,1104,60,345,18671,4258,9427,18113,3515,5119,558,743,4308
31MB      ,29410,7592,13800,1649,374,78,7045,978,1830,17437,6022,11055,2039,158,492,1240,60,345,26131,7374,12963,25494,6118,6291,637,1256,6672
31MC      ,13618,2679,6316,661,164,20,4259,431,1047,5846,1919,4550,1569,110,391,1283,55,308,10766,2514,5617,10425,2101,2724,341,413,2893
31MD      ,16254,3319,8292,619,135,40,4333,320,1135,9009,2747,6413,1483,87,445,810,30,259,13961,3202,7588,13582,2739,4457,379,463,3131
31ME      ,26328,5066,12684,1396,251,67,7400,686,1868,14673,3980,10053,1645,91,379,1214,58,317,23469,4917,11988,23049,4231,6073,420,686,5915
31MF      ,26093,5241,11831,1044,298,56,7741,739,2003,13294,4039,8976,2081,100,402,1933,65,394,22079,5076,11035,21698,4332,5498,381,744,5537
31MG      ,23605,5132,10915,1030,268,46,6525,679,1619,11564,3913,8103,2640,176,613,1846,96,534,19119,4860,9768,18550,4000,4652,569,860,5116
32MH      ,21976,3907,11165,1083,254,55,7133,546,1641,11058,3022,8929,1599,59,294,1103,26,246,19274,3822,10625,18876,3334,4890,398,488,5735
32MJ      ,37655,6826,18145,1819,281,93,11099,840,2414,20304,5488,14652,2666,145,591,1767,72,395,33222,6609,17159,32415,5631,8370,807,978,8789
32MK      ,17087,2944,7637,607,133,25,5776,423,1261,7551,2239,5706,1752,97,373,1401,52,272,13934,2795,6992,13595,2362,3227,339,433,3765
32ML      ,24591,4205,12082,969,181,51,7079,498,1532,13485,3363,9762,1846,102,437,1212,61,300,21533,4042,11345,21011,3535,6336,522,507,5009
32MM      ,66268,17714,31314,3086,1024,253,13814,2214,3260,42767,14126,26577,4541,266,825,2060,84,399,59667,17364,30090,57740,14801,16342,1927,2563,13748
32MN      ,11914,2124,4982,510,82,17,3157,287,724,6357,1666,3908,1073,51,185,817,38,148,10024,2035,4649,9763,1741,2168,261,294,2481
32MP      ,21997,3700,9004,944,142,51,6246,402,1191,12475,3047,7214,1411,69,311,921,40,237,19665,3591,8456,19382,3102,4106,283,489,4350
32MQ      ,14686,2947,7591,701,146,39,5146,425,1106,7195,2324,6130,908,31,165,736,21,151,13042,2895,7275,12738,2494,3162,304,401,4113
32MR      ,8789,1322,3435,279,56,12,2362,185,532,4858,1001,2638,681,44,147,609,36,106,7499,1242,3182,7316,992,1435,183,250,1747
33MS      ,13590,2648,5754,430,229,25,3273,380,762,7658,1944,4627,1232,52,185,997,43,155,11361,2553,5414,11032,2160,2495,329,393,2919
33MT      ,25554,4330,9779,838,238,55,6059,573,1348,12531,3206,7187,3518,170,651,2608,143,538,19428,4017,8590,18689,3266,3780,739,751,4810
33MU      ,17955,4372,7839,897,253,54,4343,571,1073,11032,3450,6362,1122,62,201,561,36,149,16272,4274,7489,15801,3513,3164,471,761,4325
33MW      ,22290,3485,8729,1391,236,55,6345,483,1293,11428,2640,6782,1786,68,311,1340,58,288,19164,3359,8130,18784,2898,3880,380,461,4250
33MX      ,16720,2634,7154,464,100,22,3553,249,782,8974,2161,5720,2188,82,358,1541,42,272,12991,2510,6524,12577,2130,3389,414,380,3135
33MY      ,25876,4266,11115,1061,212,51,7057,548,1595,14067,3325,8689,2088,117,426,1603,64,354,22185,4085,10335,21649,3430,4805,536,655,5530
33MZ      ,20797,3075,7709,854,136,39,5473,374,1102,11478,2419,5954,1561,78,332,1431,68,282,17805,2929,7095,17357,2422,3142,448,507,3953
34NA      ,24400,3932,10196,733,141,53,6209,451,1273,13360,3158,8146,2615,123,404,1483,59,320,20302,3750,9472,19766,3177,4630,536,573,4842
34NB      ,26574,4727,11978,1035,243,48,8509,647,1777,13003,3669,9458,2468,113,404,1559,55,291,22547,4559,11283,22028,3918,4630,519,641,6653
34NC      ,19380,3779,7754,753,158,30,4865,466,1013,10586,2991,5959,2013,101,425,1163,63,327,16204,3615,7002,15742,2949,2740,462,666,4262
34ND      ,19596,3621,7430,624,153,31,4543,423,979,10189,2798,5623,2576,131,428,1664,116,369,15356,3374,6633,14766,2719,2718,590,655,3915
34NE      ,29768,8217,12987,1318,453,82,6966,1248,1583,18158,6301,10864,2305,144,277,1021,71,181,26442,8002,12529,25745,6718,5116,697,1284,7413
34NF      ,25040,4373,10410,820,188,30,7200,533,1595,12256,3441,8061,2895,144,443,1869,67,281,20276,4162,9686,19694,3487,4002,582,675,5684
34NG      ,30412,5051,12449,964,283,56,7581,640,1614,16431,3897,9864,3291,134,542,2145,97,373,24976,4820,11534,24231,4014,5263,745,806,6271
35NH      ,10590,2628,5949,607,121,37,2400,224,840,6847,2259,4913,486,16,107,250,8,52,9854,2604,5790,9621,2249,3439,233,355,2351
35NJ      ,16249,2778,7222,582,141,19,5052,349,1167,8030,2114,5542,1519,118,268,1066,56,226,13664,2604,6728,13386,2262,3326,278,342,3402
35NK      ,16305,2698,7262,529,116,23,4549,336,916,8736,2157,5793,1585,59,325,906,30,205,13814,2609,6732,13426,2219,3175,388,390,3557
35NL      ,17558,3380,8579,700,195,42,5096,466,1267,9600,2635,6820,1384,46,282,778,38,168,15396,3296,8129,14961,2772,3814,435,524,4315
35NM      ,40646,9596,19267,1772,505,123,11330,1433,2774,23215,7444,15706,3005,142,426,1324,72,238,36317,9382,18603,35340,7918,8258,977,1464,10345
35NN      ,18423,3004,7797,662,124,27,6010,413,1266,8535,2336,5963,1946,78,330,1270,53,211,15207,2873,7256,14872,2455,3487,335,418,3769
35NP      ,16537,3008,7750,664,138,35,4459,357,1035,9387,2444,6307,1241,42,215,786,27,158,14510,2939,7377,14167,2450,3509,343,489,3868
36NQ      ,7354,1336,2625,342,74,10,1775,203,363,3883,978,2010,675,57,109,679,24,133,6000,1255,2383,5839,988,977,161,267,1406
36NR      ,6530,1434,2594,288,68,13,1345,158,270,3585,1128,2089,596,34,80,716,46,142,5218,1354,2372,5026,1072,862,192,282,1510
36NS      ,19626,3411,9573,840,145,53,5647,451,1423,12000,2772,7763,615,23,178,524,20,156,18487,3368,9239,18295,2989,5023,192,379,4216
36NT      ,13219,2125,5596,937,116,30,4851,353,1087,5697,1574,4134,641,45,168,1093,37,177,11485,2043,5251,11287,1768,2588,198,275,2663
36NU      ,13822,2737,5823,486,168,30,3940,428,1036,6658,2021,4261,1517,75,256,1221,45,240,11084,2617,5327,10816,2131,2338,268,486,2989
36NW      ,15433,3026,7157,742,190,48,3425,331,948,10449,2442,5922,463,36,128,354,27,111,14616,2963,6918,14436,2561,3333,180,402,3585
37NX      ,12210,2557,5529,634,91,40,2955,329,670,5621,1976,4130,1810,109,383,1190,52,306,9210,2396,4840,8930,1929,1965,280,467,2875
37NY      ,20359,3477,7963,855,206,41,5653,484,1314,9260,2573,5853,2420,140,400,2171,74,355,15768,3263,7208,15370,2702,3184,398,561,4024
37NZ      ,36832,7916,15583,2080,427,77,11885,1240,2461,16049,5854,11646,3852,265,802,2966,130,597,30014,7521,14184,29092,6170,5869,922,1351,8315
37PA      ,12830,1935,4075,583,83,25,3228,212,611,6684,1493,3003,1334,98,235,1001,49,201,10495,1788,3639,10351,1490,1725,144,298,1914
37PB      ,23709,4033,10021,1232,219,60,6264,542,1341,11904,3068,7830,2505,133,451,1804,71,339,19400,3829,9231,18879,3125,3332,521,704,5899
37PC      ,22640,5394,9265,1231,298,46,5466,754,1234,11313,3959,6689,2694,204,636,1936,179,660,18010,5011,7969,17388,3998,3215,622,1013,4754
37PD      ,21481,3423,8914,1176,149,51,6726,490,1377,10506,2660,6772,1510,69,377,1563,55,337,18408,3299,8200,18090,2795,3584,318,504,4616
37PE      ,24968,7002,11567,1776,429,120,6048,1032,1511,15034,5373,9438,1304,109,243,806,59,255,22858,6834,11069,22244,5464,3653,614,1370,7416
38PF      ,28031,5232,12512,1317,249,72,6576,536,1532,17869,4317,10306,1457,93,355,812,37,247,25762,5102,11910,25407,4455,5241,355,647,6669
38PG      ,26712,4433,11013,1416,283,90,7223,497,1561,15376,3508,8696,1455,80,377,1242,65,289,24015,4288,10347,23613,3636,4802,402,652,5545
38PH      ,28139,5236,13367,1266,224,70,9013,665,1892,15201,4215,10751,1650,72,371,1009,60,283,25480,5104,12713,25047,4433,6030,433,671,6683
38PJ      ,29177,5798,14117,1300,258,63,9261,967,2155,15375,4423,11207,1886,95,367,1355,55,325,25936,5648,13425,25420,4864,6063,516,784,7362
38PK      ,26096,4784,11500,1189,261,73,6818,565,1558,15935,3850,9296,1262,65,310,892,43,263,23942,4676,10927,23633,4083,4849,309,593,6078
38PL      ,27958,4730,11499,1389,273,62,8264,610,1628,15055,3708,9049,1726,78,416,1524,61,344,24708,4591,10739,24275,3886,4821,433,705,5918
38PM      ,63998,17385,29213,3152,867,166,14671,2375,3681,41189,13792,24330,3312,243,585,1674,108,451,59012,17034,28177,57427,14395,12588,1585,2639,15589
38PN      ,25642,4967,11357,1026,262,41,9740,825,1921,11442,3665,8661,1795,141,402,1639,74,332,22208,4752,10623,21726,4123,4937,482,629,5686
39PP      ,30672,5703,13190,1276,237,87,9318,850,2146,16229,4426,10280,2360,117,382,1489,73,295,26823,5513,12513,26251,4659,6163,572,854,6350
39PQ      ,23356,8349,10419,1010,556,52,5763,1702,1634,14238,5853,8246,1595,183,336,750,55,151,21011,8111,9932,19903,6744,4147,1108,1367,5785
39PR      ,35896,7031,15872,1351,291,58,12236,1169,2779,17116,5275,11962,3179,201,687,2014,95,386,30703,6735,14799,29855,5558,6670,848,1177,8129
39PS      ,29000,5180,12502,1136,229,38,10192,773,2146,14068,3996,9604,2112,126,433,1492,56,281,25396,4998,11788,24731,4179,5216,665,819,6572
39PT      ,22853,4188,9345,826,202,38,6796,576,1411,11554,3204,7221,2281,144,415,1396,62,260,19176,3982,8670,18733,3337,3869,443,645,4801
40PU      ,13960,2252,5319,1158,147,17,3940,273,803,6410,1698,4010,1337,84,265,1115,50,224,11508,2118,4830,11253,1749,2270,255,369,2560
40PW      ,13310,2288,4903,483,98,23,2872,274,646,6912,1764,3718,1668,94,287,1375,58,229,10267,2136,4387,9987,1752,1778,280,384,2609
40PX      ,7554,1690,3101,303,155,17,1681,239,482,3883,1231,2358,1022,47,136,665,18,108,5867,1625,2857,5673,1316,1246,194,309,1611
40PY      ,22448,4941,9744,1004,314,56,6297,780,1548,11788,3673,7558,1885,115,304,1474,59,278,19089,4767,9162,18614,3967,3905,475,800,5257
40PZ      ,8912,1598,3270,255,65,12,1733,157,376,4235,1217,2474,1601,113,229,1088,46,179,6223,1439,2862,6009,1162,1143,214,277,1719
40QA      ,29654,5322,12876,1287,265,63,7339,567,1828,18181,4362,10391,1703,83,341,1144,45,253,26807,5194,12282,26381,4372,6423,426,822,5859
41QB      ,22781,4340,9261,776,183,40,5713,551,1265,11647,3374,7046,2809,160,529,1836,72,381,18136,4108,8351,17683,3389,3798,453,719,4553
41QC      ,22699,4244,9012,868,177,27,5683,492,1181,11999,3344,6933,2608,162,476,1541,69,395,18550,4013,8141,18124,3246,3454,426,767,4687
41QD      ,22241,5006,9886,751,241,47,6264,780,1488,11647,3749,7654,2279,160,418,1300,76,279,18662,4770,9189,18127,3938,3824,535,832,5365
41QE      ,6671,1441,2582,194,63,10,1372,189,343,3086,1028,1727,1242,116,260,777,45,242,4652,1280,2080,4434,970,826,218,310,1254
41QF      ,35019,6356,14001,1321,288,52,8888,770,1858,18644,4986,10889,3801,231,704,2365,81,498,28853,6044,12799,28038,4935,5388,815,1109,7411
42QG      ,22661,3706,10069,937,195,53,6003,381,1394,13585,3053,8190,1428,46,251,708,31,181,20525,3629,9637,20255,3185,5218,270,444,4419
42QH      ,25518,4973,10631,1208,256,52,6488,582,1470,14884,3990,8501,1740,91,325,1198,54,283,22580,4828,10023,22165,4082,4517,415,746,5506
42QJ      ,24360,3796,10915,924,217,41,8300,530,1822,11907,2884,8343,1703,64,381,1526,101,328,21131,3631,10206,20786,3128,4979,345,503,5227
42QK      ,30774,6208,14887,1414,315,88,7862,738,1916,18238,4975,12187,1895,113,375,1365,67,321,27514,6028,14191,26942,5212,7199,572,816,6992
42QL      ,27125,4360,12317,1008,264,57,8938,547,2082,13283,3404,9433,2073,81,383,1823,64,362,23229,4215,11572,22841,3608,5939,388,607,5633
42QM      ,31913,5925,14935,1245,360,112,10599,792,2399,16193,4563,11641,2094,124,394,1782,86,389,28037,5715,14152,27439,4794,7134,598,921,7018
42QN      ,26142,4499,12118,1001,285,55,6822,502,1687,13747,3497,9489,2993,137,524,1579,78,363,21570,4284,11231,21183,3710,6090,387,574,5141
42QP      ,63815,13401,31358,2814,755,196,12430,1333,3266,43542,11042,26706,3420,188,738,1609,83,452,58786,13130,30168,57603,11350,17243,1183,1780,12925
42QQ      ,16890,2271,7638,583,115,49,4426,300,1145,10567,1795,6176,915,34,165,399,27,103,15576,2210,7370,15365,1858,4055,211,352,3315
43QR      ,19275,3256,8284,659,109,26,5777,419,1132,9440,2555,6488,2062,101,366,1337,72,272,15876,3083,7646,15418,2566,3172,458,517,4474
43QS      ,15225,2306,5526,997,150,48,4934,332,853,7417,1746,4331,1199,53,171,678,25,123,13348,2228,5232,13027,1877,2728,321,351,2504
43QT      ,31703,6953,13425,1468,423,99,8608,894,1727,18917,5513,11173,1880,84,243,830,39,183,28993,6830,12999,28255,5809,5039,738,1021,7960
43QU      ,19508,2975,7401,666,113,16,4994,366,1016,10128,2340,5743,2207,94,363,1513,62,263,15788,2819,6775,15348,2349,2739,440,470,4036
43QW      ,23265,4243,10388,884,226,60,6796,593,1407,12465,3274,8339,1930,103,353,1190,47,229,20145,4093,9806,19569,3444,4072,576,649,5734
43QX      ,25191,4555,9366,1040,220,48,8159,615,1408,12090,3450,7055,2218,165,484,1684,105,371,21289,4285,8511,20637,3484,3415,652,801,5096
43QY      ,24578,4371,9705,1084,177,24,6099,515,1172,14054,3520,7860,2066,104,387,1275,55,262,21237,4212,9056,20644,3479,3463,593,733,5593
44QZ      ,31397,7322,12654,908,264,43,13716,1455,2601,11505,5274,8936,2926,242,655,2342,87,419,26129,6993,11580,25262,5850,5493,867,1143,6087
44RA      ,18236,4452,8080,614,294,55,7932,977,1618,7290,3020,5952,1441,120,301,959,41,154,15836,4291,7625,15350,3711,3567,486,580,4058
44RB      ,33460,8151,13942,1120,415,52,13010,1540,2518,14568,5879,10524,2974,212,555,1788,105,293,28698,7834,13094,27817,6624,5769,881,1210,7325
44RC      ,21263,4878,8706,695,201,19,8614,886,1544,8338,3568,6470,2078,158,403,1538,65,270,17647,4655,8033,17020,3909,3311,627,746,4722
44RD      ,31963,7683,13928,1007,345,46,12977,1457,2596,13632,5628,10452,2569,168,489,1778,85,345,27616,7430,13094,26783,6332,5947,833,1098,7147
44RE      ,20520,4881,8907,808,259,35,7295,910,1622,9596,3567,6759,1847,104,309,974,41,182,17699,4736,8416,17228,4086,3945,471,650,4471
44RF      ,27856,6708,12394,1059,289,42,10185,1175,2247,13378,5095,9566,2131,111,347,1103,38,192,24622,6559,11855,24071,5743,5833,551,816,6022
44RG      ,22190,4311,9267,797,207,29,10007,742,1799,8564,3217,6869,1739,94,359,1083,51,211,19368,4166,8697,19008,3647,4171,360,519,4526
44RH      ,21289,4779,8898,671,210,36,8731,932,1738,8395,3422,6429,1924,143,380,1568,72,315,17797,4564,8203,17248,3842,3700,549,722,4503
44RJ      ,28878,6474,11911,919,255,28,11437,1051,2086,11709,4827,8808,2859,250,606,1954,91,383,24065,6133,10922,23200,4951,4282,865,1182,6640
44RK      ,23337,4751,9798,758,204,29,9978,908,1868,9743,3501,7422,1818,95,327,1040,43,152,20479,4613,9319,20006,3969,4614,473,644,4705
45RL      ,16372,2755,6893,634,149,30,4269,325,1087,9402,2183,5338,1107,62,219,960,36,219,14305,2657,6455,14066,2318,3381,239,339,3074
45RM      ,29547,5191,13519,1511,294,85,6877,609,1831,18908,4183,11049,1353,64,328,898,41,226,27296,5086,12965,26898,4399,6588,398,687,6377
45RN      ,23614,3987,10199,1231,199,41,6915,537,1599,12983,3111,7955,1398,93,318,1087,47,286,21129,3847,9595,20740,3218,4448,389,629,5147
45RP      ,27872,5446,11578,1006,236,45,9069,842,1903,12658,4063,8664,2817,175,528,2322,130,438,22733,5141,10612,22087,4189,4703,646,952,5909
45RQ      ,30742,6618,14492,1289,374,64,10497,1119,2418,15610,4927,11245,1737,122,432,1609,76,333,27396,6420,13727,26690,5403,6275,706,1017,7452
46RR      ,14512,3410,6642,492,123,19,4619,567,1054,7161,2607,5187,1543,87,236,697,26,146,12272,3297,6260,11848,2674,2476,424,623,3784
46RS      ,25436,6026,10946,709,176,37,7919,943,1723,11873,4581,8221,3155,216,551,1780,110,414,20501,5700,9981,19562,4440,4197,939,1260,5784
46RT      ,24105,5700,10081,731,304,41,7444,976,1610,10982,4065,7398,3005,243,606,1943,112,426,19157,5345,9049,18294,4263,3422,863,1082,5627
46RU      ,22032,5027,10414,1023,182,45,7161,751,1619,12221,4020,8491,1184,56,179,443,18,80,20405,4953,10155,20039,4323,4871,366,630,5284
46RW      ,27521,5736,11628,893,204,37,10371,991,2045,11909,4248,8669,2617,205,533,1731,88,344,23173,5443,10751,22431,4560,4809,742,883,5942
46RX      ,32386,6894,14062,972,295,50,14075,1279,2580,13162,5042,10599,2532,203,508,1645,75,325,28209,6616,13229,27358,5554,5800,851,1062,7429
46RY      ,19401,5444,8839,545,196,41,6691,898,1437,9043,4091,6737,2059,176,357,1063,83,267,16279,5185,8215,15624,4089,3641,655,1096,4574
47RZ      ,17316,2967,6894,567,146,32,5178,405,1019,8633,2266,5345,1717,88,271,1221,62,227,14378,2817,6396,13972,2285,2624,406,532,3772
47SA      ,28402,5081,11327,1075,205,41,8648,670,1711,14224,3979,8770,2722,155,466,1733,72,339,23947,4854,10522,23451,4099,4922,496,755,5600
47SB      ,27455,5523,10980,882,307,48,8006,816,1620,14459,4171,8558,2556,148,413,1552,81,341,23347,5294,10226,22687,4375,4465,660,919,5761
47SC      ,40717,8163,18898,1988,386,97,10815,1089,2940,24078,6551,15203,2587,98,354,1249,39,304,36881,8026,18240,36275,6955,9063,606,1071,9177
47SD      ,26469,4720,11593,957,188,55,8035,623,1720,14045,3744,9105,2134,110,379,1298,55,334,23037,4555,10880,22522,3766,5068,515,789,5812
48SE      ,17227,3327,7501,909,175,31,4545,380,1178,9969,2686,5900,1094,49,210,710,37,182,15423,3241,7109,15166,2763,3617,257,478,3492
48SF      ,10112,2370,4211,375,108,10,2502,364,630,4729,1734,3062,1632,102,268,874,62,241,7606,2206,3702,7328,1748,1633,278,458,2069
48SG      ,15081,2909,6145,691,145,22,4019,343,994,8226,2298,4707,1236,73,218,909,50,204,12936,2786,5723,12687,2370,2855,249,416,2868
48SH      ,9607,1979,3759,344,106,22,2186,308,614,4560,1415,2659,1638,91,263,879,59,201,7090,1829,3295,6890,1531,1564,200,298,1731
48SJ      ,10415,2529,4305,448,147,32,2809,367,697,5187,1876,3098,1118,82,215,853,57,263,8444,2390,3827,8153,1960,1793,291,430,2034
48SK      ,25866,5085,11078,1067,269,44,6312,680,1681,15320,3975,8740,1800,110,331,1367,51,282,22699,4924,10465,22276,4179,5383,423,745,5082
49SL      ,12719,2387,4995,445,154,26,2492,291,714,5686,1680,3261,3054,211,744,1042,51,250,8623,2125,4001,8445,1825,2188,178,300,1813
49SM      ,13451,2716,5079,424,110,13,2774,368,598,5686,1916,3483,3299,253,663,1268,69,322,8884,2394,4094,8633,2000,2012,251,394,2082
49SN      ,8715,1510,3301,342,77,13,1733,164,414,4343,1125,2256,1692,122,464,605,22,154,6418,1366,2683,6314,1166,1581,104,200,1102
49SP      ,16846,3074,7529,959,142,38,3605,314,962,10583,2472,6007,1064,87,344,635,59,178,15147,2928,7007,14908,2528,3972,239,400,3035
49SQ      ,17734,3001,6158,710,154,19,4053,322,870,8952,2236,4306,2575,197,585,1444,92,378,13715,2712,5195,13479,2255,2650,236,457,2545
49SR      ,9322,1584,3056,388,64,9,2234,188,408,4680,1198,2113,1177,72,246,843,62,280,7302,1450,2530,7159,1194,1127,143,256,1403
50SS      ,16696,3244,7348,823,189,61,3260,330,1037,11454,2643,5857,707,50,221,452,32,172,15537,3162,6955,15321,2685,3934,216,477,3021
50ST      ,15306,2751,6665,733,127,34,3251,285,852,10168,2258,5445,697,46,184,457,35,150,14152,2670,6331,13993,2345,3598,159,325,2733
50SU      ,18120,3375,7578,672,151,41,5499,486,1266,8515,2546,5586,2085,125,397,1349,67,288,14686,3183,6893,14354,2618,3223,332,565,3670
50SW      ,31269,6705,14449,1384,385,63,8709,921,2251,18113,5230,11483,1727,97,334,1336,72,318,28206,6536,13797,27607,5497,6480,599,1039,7317
50SX      ,21278,3811,9993,1043,172,42,5506,455,1494,13163,3097,8100,970,61,214,596,26,143,19712,3724,9636,19443,3172,5133,269,552,4503
51SY      ,10999,2704,4808,415,136,18,2600,389,674,5431,1983,3391,1578,122,389,975,74,336,8446,2508,4083,8117,2029,1862,329,479,2221
51SZ      ,11018,2674,4609,475,143,34,2682,346,664,6109,2063,3568,1118,71,174,634,51,169,9266,2552,4266,9024,2159,2074,242,393,2192
51TA      ,5706,1162,1806,186,51,5,1051,137,229,2553,845,1209,1191,76,171,725,53,192,3790,1033,1443,3677,862,701,113,171,742
51TB      ,7126,1509,2506,275,48,9,1442,202,348,3332,1095,1702,1386,124,273,691,40,174,5049,1345,2059,4888,1075,936,161,270,1123
51TC      ,15604,2627,5270,668,134,33,3816,308,737,8226,1970,3916,1879,122,330,1015,93,254,12710,2412,4686,12450,2005,2313,260,407,2373
52TD      ,14945,2706,6373,646,133,35,3241,278,802,9921,2220,5153,681,52,227,456,23,156,13808,2631,5990,13657,2257,3494,151,374,2496
52TE      ,13032,2611,6060,665,208,37,2724,259,778,8706,2080,4980,533,41,170,404,23,95,12095,2547,5795,11952,2184,2920,143,363,2875
52TF      ,29798,5766,13520,1396,288,77,8430,694,2102,17297,4591,10624,1495,114,407,1180,79,310,27123,5573,12803,26691,4714,6958,432,859,5845
52TG      ,16757,3312,7284,757,134,37,3305,332,850,11395,2742,5985,799,70,248,501,34,164,15457,3208,6872,15271,2751,4175,186,457,2697
52TH      ,23794,4258,10678,1142,209,60,6033,472,1454,14762,3463,8691,1108,63,282,749,51,191,21937,4144,10205,21679,3540,5801,258,604,4404
52TJ      ,22840,4039,10988,895,232,61,6479,544,1789,13356,3142,8612,1202,83,305,908,38,221,20730,3918,10462,20504,3418,5936,226,500,4526
53TK      ,10241,1720,4154,338,89,14,2210,210,603,4948,1273,2945,1916,110,374,829,38,218,7496,1572,3562,7320,1253,1886,176,319,1676
53TL      ,12948,2365,4517,417,79,18,2183,281,577,5830,1791,3325,3224,156,378,1294,58,219,8430,2151,3920,8150,1828,1986,280,323,1934
53TM      ,5579,947,1913,174,32,2,976,109,226,2148,673,1325,1697,97,252,584,36,108,3298,814,1553,3152,674,742,146,140,811
54TN      ,63165,17945,28749,2852,822,111,19199,3080,4673,34346,13673,22761,3996,236,631,2772,134,573,56397,17575,27545,54853,14938,12224,1544,2637,15321
54TP      ,27344,5341,11550,1122,256,24,9131,805,2047,13879,4100,8706,1615,113,388,1597,67,385,24132,5161,10777,23731,4322,5069,401,839,5708
55TQ      ,11754,2465,5214,768,114,36,2303,233,621,7943,2061,4334,419,29,114,321,28,109,11014,2408,4991,10830,2029,2606,184,379,2385
55TR      ,14147,2429,6499,696,102,21,3682,301,920,8422,1940,5204,810,59,209,537,27,145,12800,2343,6145,12629,2006,3676,171,337,2469
55TS      ,15387,2890,6771,858,148,40,3398,334,965,9926,2323,5401,658,56,220,547,29,145,14182,2805,6406,13949,2354,3506,233,451,2900
55TT      ,42968,9511,19626,2270,412,102,12170,1367,3089,24107,7440,15407,2619,171,553,1802,121,475,38547,9219,18598,37734,7742,8899,813,1477,9699
5601      ,4757,914,1666,207,51,6,934,97,167,2528,705,1328,483,31,66,605,30,99,3669,853,1501,3503,685,599,166,168,902
5602      ,8124,1890,3912,403,124,24,2152,260,548,4375,1440,3130,494,38,93,700,28,117,6930,1824,3702,6704,1488,1718,226,336,1984
5603      ,9076,2164,4478,484,164,18,1921,238,384,5274,1686,3813,561,26,119,836,50,144,7679,2088,4215,7445,1742,1839,234,346,2376
5604      ,3547,842,1594,147,45,6,1020,115,184,1768,634,1272,276,24,51,336,24,81,2935,794,1462,2855,663,707,80,131,755
5705      ,11752,2152,5572,630,105,25,3333,230,769,7074,1780,4593,335,18,84,380,19,101,11037,2115,5387,10930,1875,2987,107,240,2400
5706      ,36204,7749,16496,2120,524,85,9649,970,2345,21903,6118,13571,1337,72,231,1195,65,264,33672,7612,16001,33071,6701,8930,601,911,7071
5707      ,19060,4580,8690,962,277,48,6015,788,1425,9717,3370,6775,1130,72,228,1236,73,214,16694,4435,8248,16311,3789,4140,383,646,4108
5808      ,9135,1946,3560,482,94,7,1839,203,401,5129,1543,2872,805,56,127,880,50,153,7450,1840,3280,7279,1542,1600,171,298,1680
5809      ,14052,3306,6677,692,197,32,3281,482,1007,8225,2521,5340,861,65,130,993,41,168,12198,3200,6379,11868,2691,3056,330,509,3323
5810      ,5718,1072,2031,292,67,8,1022,127,242,2986,795,1532,647,40,123,771,43,126,4300,989,1782,4178,801,765,122,188,1017
5811      ,7400,1522,2666,290,82,6,1431,148,312,4032,1181,2074,749,55,116,898,56,158,5753,1411,2392,5561,1157,1155,192,254,1237
5912      ,32716,6353,13701,2034,439,67,9782,788,2006,19021,5000,11140,930,56,231,949,70,257,30837,6227,13213,30506,5531,7551,331,696,5662
5913      ,34664,7615,16543,2042,452,103,8923,943,2315,21285,6089,13656,1213,69,224,1201,62,245,32250,7484,16074,31747,6495,8759,503,989,7315
5914      ,15117,3111,6575,740,195,44,4556,518,1059,7499,2251,5047,978,88,206,1344,59,219,12795,2964,6150,12422,2479,2916,373,485,3234
6015      ,54836,16181,25815,3132,875,135,16260,2644,3510,31319,12347,21443,2016,181,377,2109,134,350,50711,15866,25088,49284,13578,10503,1427,2288,14585
6016      ,21706,4040,7457,1150,254,26,4391,421,829,12018,3218,6075,2265,83,256,1882,64,271,17559,3893,6930,17139,3380,3427,420,513,3503
6017      ,17898,2768,6467,851,195,30,5375,363,1008,8584,2075,5006,1715,71,219,1373,64,204,14810,2633,6044,14539,2333,2899,271,300,3145
6018      ,11522,1930,4019,524,111,15,3567,255,570,5332,1466,3119,1156,60,117,943,38,198,9423,1832,3704,9203,1575,1682,220,257,2022
6019      ,21950,3816,7255,1121,178,24,5322,436,939,12291,3054,5826,1597,73,201,1619,75,265,18734,3668,6789,18372,3111,3198,362,557,3591
6120      ,2533,651,962,123,22,2,567,92,145,1282,478,662,307,30,85,254,29,68,1972,592,809,1908,497,418,64,95,391
6121      ,7352,1327,2462,423,70,6,1918,148,318,3845,1045,1910,685,45,132,481,19,96,6186,1263,2234,6074,1074,1136,112,189,1098
6122      ,14341,3780,6011,736,258,36,4170,643,1052,7816,2768,4652,888,62,133,731,49,138,12722,3669,5740,12408,3170,2709,314,499,3031
6123      ,4862,944,1695,216,41,6,1112,109,249,2814,755,1307,416,21,55,304,18,78,4142,905,1562,4059,761,775,83,144,787
6124      ,2466,449,820,151,32,2,616,60,95,1317,335,651,191,14,34,191,8,38,2084,427,748,2020,346,353,64,81,395
6125      ,12228,1936,3621,588,102,11,2754,229,457,7109,1516,2885,912,55,134,865,34,134,10451,1847,3353,10265,1581,1632,186,266,1721
6126      ,2291,451,661,74,15,2,455,65,96,1190,345,473,375,17,43,197,9,47,1719,425,571,1666,348,280,53,77,291
6127      ,3307,619,1028,138,29,3,627,57,121,1942,488,780,310,32,63,290,13,61,2707,574,904,2612,442,383,95,132,521
6228      ,20635,4555,9458,1055,225,37,5664,651,1360,11732,3553,7637,943,61,167,1241,65,257,18451,4429,9034,18077,3757,4312,374,672,4722
6229      ,108582,36398,51787,5371,2016,223,34922,7013,8325,58543,26572,41382,4848,493,989,4898,304,868,98836,35601,49930,96167,30407,23408,2669,5194,26522
6230      ,22108,4786,11127,1182,296,40,6342,578,1567,12909,3833,9230,883,37,155,792,42,135,20433,4707,10837,20136,4000,5171,297,707,5666
6231      ,34035,7029,16559,1805,443,105,9178,864,2510,20797,5629,13478,1212,48,236,1043,45,230,31780,6936,16093,31353,6121,9119,427,815,6974
6332      ,15992,3364,5742,1014,170,39,3958,455,841,7446,2477,4200,2004,155,312,1570,107,350,12418,3102,5080,12068,2537,2520,350,565,2560
6333      ,10418,2080,4968,418,124,13,5013,503,1084,3488,1380,3600,468,40,131,1031,33,140,8919,2007,4697,8724,1786,2220,195,221,2477
6334      ,11539,3389,5303,886,183,18,2417,451,713,7617,2715,4506,394,23,38,225,17,28,10920,3349,5237,10764,2925,2428,156,424,2809
6335      ,15474,3277,7716,894,224,43,4438,420,1260,9186,2601,6277,600,23,81,356,9,55,14518,3245,7580,14368,2976,4464,150,269,3116
6336      ,10212,2390,4351,534,180,28,1908,224,552,6701,1929,3576,523,29,98,546,28,97,9143,2333,4156,9014,2036,2295,129,297,1861
6337      ,30448,6717,12998,1726,393,59,8343,886,1806,17607,5243,10489,1336,99,307,1436,96,337,27676,6522,12354,27270,5717,6917,406,805,5437
6338      ,18858,4349,8131,1018,226,49,6029,618,1260,10249,3406,6529,685,51,146,877,48,147,17296,4250,7838,17039,3773,4382,257,477,3456
6339      ,21979,5026,10495,1355,353,39,6715,709,1826,12100,3894,8364,993,50,148,816,20,118,20170,4956,10229,19962,4493,6011,208,463,4218
6340      ,14171,2737,6417,487,173,17,6606,606,1336,4524,1827,4642,959,65,185,1595,66,237,11617,2606,5995,11408,2293,2873,209,313,3122
6341      ,160741,56829,71952,10437,3391,377,35088,8649,9590,104728,44086,60489,6218,403,851,4270,300,645,150253,56126,70456,147200,49688,37145,3053,6438,33311
6342      ,25302,5638,11109,1422,329,65,6999,750,1703,14748,4452,8942,1070,52,201,1063,55,198,23169,5531,10710,22837,4987,6411,332,544,4299
6343      ,22974,6330,9956,1731,418,54,5519,810,1480,14423,5013,8163,562,37,140,739,52,119,21673,6241,9697,21396,5570,5490,277,671,4207
6344      ,19520,4441,9259,1065,268,58,4936,544,1244,11631,3533,7600,915,49,204,973,47,153,17632,4345,8902,17303,3898,4909,329,447,3993
6345      ,26968,6245,11446,1246,358,46,8384,1012,1824,13953,4645,8907,1455,105,301,1930,125,368,23583,6015,10777,23080,5166,5448,503,849,5329
6346      ,14280,2793,5848,713,196,41,3911,443,984,7852,2045,4446,835,62,191,969,47,186,12476,2684,5471,12259,2363,3173,217,321,2298
6347      ,24271,6694,10189,1571,455,71,5316,822,1428,15622,5335,8409,1007,51,182,755,31,99,22509,6612,9908,22212,5962,5693,297,650,4215
6348      ,33409,8381,14012,2168,576,88,7234,1160,2028,22155,6511,11548,952,76,183,900,58,165,31557,8247,13664,31117,7420,7973,440,827,5691
6349      ,50903,12541,25335,2997,674,121,14203,1826,3853,30409,9874,20735,1613,96,314,1681,71,312,47609,12374,24709,46917,11066,13794,692,1308,10915
6350      ,22343,4730,11423,1203,351,95,8231,763,2218,10702,3531,8740,1098,43,180,1109,42,190,20136,4645,11053,19850,4160,6022,286,485,5031
6451      ,23397,4717,9728,1322,324,49,6228,618,1374,12806,3594,7704,1331,80,272,1710,101,329,20356,4536,9127,19924,3863,4534,432,673,4593
6452      ,41433,11295,21542,2517,699,124,10729,1738,2990,25248,8695,17911,1487,84,279,1452,79,238,38494,11132,21025,37588,9580,11174,906,1552,9851
6453      ,28719,7062,12559,1372,399,55,7772,1109,1882,14895,5271,9776,2241,143,392,2439,140,454,24039,6779,11713,23284,5746,5757,755,1033,5956
6554      ,4965,964,1644,170,50,9,952,109,180,2225,726,1172,1070,55,172,548,24,111,3347,885,1361,3233,690,588,114,195,773
6555      ,6721,1427,2316,285,32,4,1728,179,262,3629,1150,1927,658,53,68,421,13,55,5642,1361,2193,5447,1157,1015,195,204,1178
6556      ,6976,1468,2120,355,55,8,1383,171,224,3586,1196,1749,1275,33,94,377,13,45,5324,1422,1981,5169,1186,842,155,236,1139
