zoneid,81sas070615,81sas070616,81sas070617,81sas070618,81sas070619,81sas070620,81sas070621,81sas070622,81sas070623,81sas070624,81sas070625,81sas070626,81sas070627,81sas070628,81sas070629,81sas070630,81sas070631,81sas070632,81sas070633,81sas070634,81sas070635,81sas070636,81sas070637,81sas070638,81sas070639,81sas070640,81sas070641
03BN      ,96836,31800,41874,4685,1687,217,20077,4468,5362,63075,24967,34631,6173,507,1100,2826,171,564,87837,31122,40210,85349,25940,18995,2488,5182,21215
03BNAA    ,3758,1193,1417,169,67,11,996,226,286,1935,847,1026,429,42,64,229,11,30,3100,1140,1324,2991,1014,785,109,126,539
03BNAB    ,2648,993,1115,150,28,5,337,76,108,1999,870,985,112,13,9,50,6,8,2486,975,1098,2422,768,497,64,207,601
03BNAC    ,3982,1325,1930,206,108,8,898,223,266,2633,981,1632,175,9,18,70,4,6,3738,1313,1906,3647,1103,879,91,210,1027
03BNAD    ,2838,1411,1100,150,139,9,645,305,152,1745,933,879,195,25,35,103,9,25,2540,1378,1040,2456,1191,487,84,187,553
03BNAE    ,1635,555,647,83,44,1,213,63,66,1253,440,563,75,6,11,11,2,6,1549,546,632,1498,431,273,51,115,359
03BNAF    ,3130,1036,1413,143,37,7,618,127,172,2114,846,1199,182,19,27,73,7,8,2874,1010,1378,2779,809,609,95,201,769
03BNAG    ,3581,1007,1597,167,45,8,526,83,132,2653,857,1386,179,16,50,56,6,21,3346,987,1524,3261,788,707,85,199,817
03BNAH    ,3610,1061,1688,166,49,3,973,147,226,2143,848,1408,183,10,22,145,7,29,3280,1045,1637,3192,849,711,88,196,926
03BNAJ    ,3352,1088,1562,172,53,8,793,146,205,2049,868,1268,229,15,58,109,6,23,3015,1065,1482,2921,888,676,94,177,806
03BNAK    ,2662,883,1195,139,55,4,553,102,137,1772,722,1017,134,4,26,64,0,11,2463,880,1159,2390,738,509,73,142,650
03BNAL    ,2278,675,857,96,41,7,349,71,104,1594,539,699,163,17,37,76,7,10,2039,650,810,1987,533,402,52,117,408
03BNAM    ,3568,1271,1487,137,50,3,958,275,266,2043,909,1141,291,27,47,139,10,30,3139,1232,1410,3051,1092,800,88,140,610
03BNAN    ,1055,367,405,33,22,0,197,64,58,729,270,307,60,7,19,36,4,21,958,356,365,933,308,172,25,48,193
03BNAP    ,3601,1084,1628,166,45,7,715,111,208,2494,924,1390,162,4,8,64,0,15,3376,1081,1604,3291,893,716,85,188,888
03BNAQ    ,3451,1183,1565,187,106,9,744,209,211,2086,829,1264,281,27,47,153,12,34,3017,1143,1483,2931,1000,702,86,143,781
03BNAR    ,3744,1229,1690,129,50,5,1331,274,333,1727,865,1239,305,26,71,252,14,42,3186,1189,1577,3092,1047,801,94,142,776
03BNAS    ,2657,616,1213,131,28,6,428,53,106,1893,524,1049,143,10,37,62,1,15,2451,605,1162,2360,484,525,91,121,637
03BNAT    ,2594,781,1109,158,43,3,446,100,112,1808,617,957,139,14,27,43,7,10,2410,761,1071,2337,652,483,73,109,588
03BNAU    ,1814,584,789,83,18,6,247,59,86,1383,497,674,72,8,15,29,2,8,1713,573,766,1658,439,340,55,134,426
03BNAW    ,1668,640,526,112,29,10,248,54,54,1213,549,456,75,8,3,20,0,3,1573,632,520,1510,483,275,63,149,245
03BNAX    ,3818,1082,1625,140,50,9,746,154,191,2529,844,1352,301,27,57,102,7,16,3416,1050,1551,3317,875,752,99,175,799
03BNAY    ,3179,828,1456,164,26,3,564,88,150,2196,699,1245,205,10,47,50,5,11,2926,813,1397,2870,663,625,56,150,772
03BNAZ    ,3197,1161,1412,178,52,4,500,113,132,2295,979,1226,185,15,39,39,2,11,2972,1146,1361,2880,916,564,92,230,797
03BNBA    ,2773,889,1003,130,44,10,436,110,108,1890,715,840,235,14,32,82,6,13,2457,869,959,2380,716,473,77,153,486
03BNBB    ,1666,638,682,70,14,5,220,55,73,1307,564,588,52,5,10,17,0,6,1597,635,666,1559,495,293,38,140,373
03BNBC    ,1399,747,510,110,104,4,173,98,49,1033,533,444,58,7,8,25,5,5,1317,735,497,1272,604,231,45,131,266
03BNBD    ,4036,1033,2045,206,47,16,930,110,261,2507,861,1681,270,11,61,123,4,26,3644,1019,1957,3577,877,965,67,142,992
03BNBE    ,3028,859,1362,118,29,5,495,81,125,2228,742,1181,145,4,35,42,3,16,2840,853,1311,2774,706,603,66,147,708
03BNBF    ,3475,1020,1552,176,50,11,906,148,238,2056,807,1247,207,12,29,130,3,27,3139,1005,1496,3045,830,692,94,175,804
03BNBG    ,2841,1069,1186,129,48,6,661,163,179,1723,829,949,233,22,37,95,7,15,2512,1040,1134,2438,881,539,74,159,595
03BNBH    ,3268,1240,1239,174,62,7,649,234,151,2026,904,1019,290,34,41,129,6,21,2850,1200,1177,2777,1013,559,73,187,618
03BNBJ    ,3399,1282,1419,168,66,13,964,245,239,1813,927,1081,283,36,59,171,8,27,2946,1240,1332,2859,1071,673,87,169,659
03BNBK    ,3128,971,1446,142,40,5,613,99,174,2206,825,1242,128,5,13,39,2,12,2961,964,1421,2890,789,677,71,175,744
03BNSS    ,0,0,0,0,0,0,0,0,0,0,0,0,0,0,0,0,0,0,0,0,0,0,0,0,0,0,0
03BNAA01  ,74,24,14,1,2,0,13,2,4,52,19,10,5,1,0,3,0,0,67,23,14,63,22,10,4,1,4
03BNAA02  ,101,40,37,6,5,0,25,9,5,54,24,29,13,2,3,3,0,0,86,37,35,84,35,25,2,2,10
03BNAA03  ,90,33,26,4,1,0,19,5,5,54,24,21,12,3,0,1,0,0,76,31,25,74,23,14,2,8,11
03BNAA04  ,71,33,25,2,1,0,28,7,3,32,24,18,9,1,3,0,0,1,61,32,21,59,27,14,2,5,7
03BNAA05  ,112,46,46,8,0,2,25,9,7,68,34,34,7,3,2,4,0,1,102,43,43,99,38,23,3,5,20
03BNAA06  ,68,32,32,1,0,0,13,9,6,46,21,24,5,2,2,3,0,0,59,32,29,59,31,23,0,1,6
03BNAA07  ,85,36,32,4,2,0,16,5,5,53,28,26,11,1,0,1,0,1,74,34,32,72,31,22,2,3,10
03BNAA08  ,42,21,8,8,1,0,6,6,3,20,13,5,8,1,0,0,0,0,35,19,8,34,15,6,1,4,2
03BNAA09  ,54,26,19,2,0,0,13,2,7,32,23,10,6,1,2,1,0,0,46,26,17,43,23,13,3,3,4
03BNAA10  ,54,18,7,1,3,0,7,1,3,40,14,3,5,0,1,1,0,0,47,18,5,43,17,4,4,1,1
03BNAA11  ,31,13,7,1,2,0,5,5,0,25,6,7,0,0,0,0,0,0,32,13,8,28,10,4,4,3,4
03BNAA12  ,117,21,43,2,0,1,29,3,8,62,18,32,18,0,2,6,0,0,93,22,41,90,20,26,3,2,15
03BNAA13  ,140,34,61,10,2,0,33,3,8,66,28,51,18,0,1,13,1,1,109,32,59,106,29,39,3,3,20
03BNAA14  ,92,37,40,5,2,0,22,9,10,53,26,29,11,0,1,1,0,0,78,36,40,77,31,24,1,5,16
03BNAA15  ,123,29,43,5,0,0,30,9,5,72,20,36,12,0,0,4,0,2,109,30,40,103,24,17,6,6,23
03BNAA16  ,116,32,49,5,1,0,25,7,10,71,21,39,11,3,0,4,0,0,101,29,49,97,27,36,4,2,13
03BNAA17  ,73,18,25,5,0,0,18,4,5,41,14,20,8,0,0,1,0,0,64,18,25,60,14,16,4,4,9
03BNAA18  ,56,21,13,1,3,0,13,2,3,29,16,8,9,0,2,4,0,0,44,21,11,43,19,6,1,2,5
03BNAA19  ,38,21,6,1,2,0,7,2,4,23,15,2,5,2,0,2,0,0,30,19,6,28,16,6,2,3,0
03BNAA20  ,145,47,65,5,5,1,35,4,15,84,38,44,12,0,5,9,0,0,125,46,61,121,39,31,4,7,30
03BNAA21  ,135,29,46,6,0,2,22,6,9,88,23,34,13,0,1,6,0,0,115,30,44,111,26,26,4,4,18
03BNAA22  ,87,22,33,4,0,0,11,3,5,60,17,26,9,1,1,3,1,1,76,21,31,73,16,17,3,5,14
03BNAA23  ,96,28,29,4,3,0,18,3,2,62,21,25,11,1,2,1,0,0,83,26,27,82,23,17,1,3,10
03BNAA24  ,138,33,68,3,3,1,35,5,13,69,25,52,20,0,2,11,0,0,106,34,65,105,32,42,1,2,23
03BNAA25  ,92,29,27,3,1,0,29,8,2,48,20,21,10,0,4,2,0,0,81,28,24,78,26,13,3,2,11
03BNAA26  ,82,23,30,2,2,0,20,1,5,44,16,25,11,1,0,5,3,0,66,19,31,64,15,23,2,4,8
03BNAA27  ,106,28,42,10,3,0,24,6,11,49,17,26,17,2,4,6,0,1,83,26,36,83,25,19,0,1,17
03BNAA28  ,123,51,52,6,2,0,42,15,10,55,31,36,15,3,3,5,0,3,102,49,45,100,44,28,2,5,17
03BNAA29  ,105,43,47,4,2,0,36,13,14,38,26,27,18,2,4,9,0,2,79,40,42,76,38,28,3,2,14
03BNAA30  ,61,12,20,1,0,0,20,5,5,19,5,14,5,1,1,16,1,0,39,10,19,37,10,10,2,0,9
03BNAA31  ,55,23,21,5,1,0,14,9,4,22,12,14,8,1,1,6,0,2,42,22,18,41,20,12,1,2,6
03BNAA32  ,163,29,49,8,4,1,43,4,12,65,20,32,24,1,4,23,0,0,117,28,45,111,26,26,6,2,19
03BNAA33  ,66,37,29,2,0,0,22,6,4,25,29,20,8,2,2,9,0,3,48,35,24,44,32,11,4,3,13
03BNAA34  ,152,27,79,2,0,0,60,5,14,67,21,55,13,0,6,10,1,4,130,27,67,125,23,33,5,4,34
03BNAA35  ,129,36,47,10,3,1,42,7,12,39,26,28,15,0,4,23,0,2,90,35,43,90,31,21,0,4,22
03BNAA36  ,126,29,55,4,2,2,41,3,10,65,20,42,13,3,0,3,1,1,108,24,55,102,21,23,6,3,32
03BNAA37  ,76,25,45,2,1,0,31,10,9,31,14,34,7,0,0,5,0,2,66,26,42,62,23,22,4,3,20
03BNAA38  ,49,20,20,0,2,0,18,2,6,19,16,13,5,0,0,7,0,1,37,19,20,35,18,11,2,1,9
03BNAA39  ,121,31,44,3,3,1,42,1,12,47,23,29,13,3,1,16,1,1,92,28,41,87,25,22,5,3,19
03BNAA40  ,79,47,31,7,1,0,30,9,7,33,36,24,7,0,0,2,1,0,70,46,32,70,43,19,0,3,13
03BNAA41  ,0,0,0,0,0,0,0,0,0,0,0,0,0,0,0,0,0,0,0,0,0,0,0,0,0,0,0
03BNAA42  ,29,4,3,4,1,0,11,0,2,13,3,1,1,0,0,0,0,0,29,4,2,28,4,2,1,0,0
03BNAA43  ,5,1,1,2,0,0,3,1,1,0,0,0,0,0,0,0,0,0,4,1,1,4,1,1,0,0,0
03BNAB01  ,124,36,51,9,0,1,12,5,7,91,30,43,6,1,0,6,0,0,113,34,51,103,23,21,10,11,30
03BNAB02  ,91,22,31,6,0,1,13,2,6,60,19,21,5,0,1,7,1,2,78,22,28,77,18,10,1,4,18
03BNAB03  ,70,20,36,3,0,0,13,2,2,52,17,34,2,1,0,0,0,0,67,19,35,67,17,14,0,2,21
03BNAB04  ,95,39,37,4,2,0,13,4,2,76,33,35,2,0,0,0,0,0,94,39,38,93,33,26,1,6,12
03BNAB05  ,89,26,47,14,1,0,11,0,7,58,25,40,4,0,0,2,0,0,84,26,47,83,20,19,1,6,28
03BNAB06  ,133,44,53,6,2,0,13,1,4,102,41,47,9,0,2,3,0,0,120,44,51,118,42,22,2,2,29
03BNAB07  ,94,23,40,1,1,0,12,3,2,78,19,38,2,0,0,1,0,0,91,23,39,87,17,19,4,6,20
03BNAB08  ,102,35,42,4,1,0,11,2,1,76,31,39,8,1,2,3,0,0,91,34,41,90,27,16,1,7,25
03BNAB09  ,94,39,32,2,0,0,10,1,6,74,37,26,7,1,0,1,0,0,86,37,32,86,24,13,0,13,19
03BNAB10  ,90,50,40,4,2,0,10,5,4,67,43,35,7,0,1,2,0,0,80,51,39,80,39,23,0,12,16
03BNAB11  ,98,32,45,8,2,0,14,5,5,72,25,40,4,0,0,0,0,0,94,31,45,92,27,20,2,4,25
03BNAB12  ,117,48,52,10,0,0,11,1,3,92,46,49,3,0,0,1,1,0,113,48,52,110,36,16,3,12,36
03BNAB13  ,124,46,53,7,1,2,22,5,9,90,40,42,4,0,0,1,0,0,119,46,53,115,34,29,4,12,24
03BNAB14  ,77,31,31,2,0,0,7,2,5,65,29,26,2,0,0,1,0,0,74,31,31,74,24,18,0,7,13
03BNAB15  ,99,37,40,6,3,0,6,4,4,84,30,36,2,0,0,1,0,0,96,35,40,93,29,20,3,6,20
03BNAB16  ,109,45,47,8,0,0,11,3,3,81,41,44,7,0,0,2,1,0,100,46,47,97,37,15,3,9,32
03BNAB17  ,84,50,41,6,0,0,12,4,2,61,46,36,3,0,3,2,0,0,80,50,38,74,39,20,6,11,18
03BNAB18  ,73,36,36,7,1,0,5,3,4,59,32,32,2,0,0,0,0,0,70,36,36,70,28,19,0,8,17
03BNAB19  ,87,35,41,3,0,0,9,4,0,73,31,41,1,0,0,1,0,0,83,36,41,83,28,17,0,8,24
03BNAB20  ,69,28,25,3,0,0,10,2,1,54,25,23,2,0,1,0,1,0,69,26,24,68,20,11,1,6,13
03BNAB21  ,76,28,34,4,2,2,10,3,7,60,23,25,0,0,0,2,0,0,74,28,34,72,22,16,2,6,18
03BNAB22  ,105,34,25,3,3,0,22,1,3,71,28,21,5,2,1,4,0,0,96,32,23,94,25,11,2,7,12
03BNAB23  ,96,37,42,3,0,0,13,2,1,70,34,39,8,1,0,2,0,2,86,36,41,84,31,19,2,5,22
03BNAB24  ,106,39,41,4,0,0,12,6,6,84,30,34,3,2,0,3,1,1,100,36,39,97,30,19,3,6,20
03BNAB25  ,114,36,29,10,0,0,15,5,1,78,31,28,9,0,0,2,0,0,102,37,29,94,29,11,8,8,18
03BNAB26  ,46,17,23,5,2,0,6,0,3,33,15,19,1,0,0,1,0,1,45,16,22,45,11,9,0,5,13
03BNAB27  ,91,19,39,4,0,0,15,0,0,70,19,39,1,0,0,1,0,0,89,18,39,88,12,14,1,6,25
03BNAB28  ,20,20,13,0,2,0,6,0,2,13,18,11,0,0,0,1,0,0,19,21,13,18,17,7,1,4,6
03BNAB29  ,74,37,50,3,3,0,13,2,8,56,32,42,2,0,0,0,0,0,71,37,51,69,29,24,2,8,27
03BNAB30  ,0,0,0,0,0,0,0,0,0,0,0,0,0,0,0,0,0,0,0,0,0,0,0,0,0,0,0
03BNAC01  ,26,15,13,0,0,0,8,0,1,14,13,12,3,2,0,1,0,0,21,14,14,20,11,8,1,3,6
03BNAC02  ,32,12,16,0,0,0,7,2,1,22,10,15,3,0,0,0,0,0,30,10,15,27,8,9,3,2,6
03BNAC03  ,92,35,41,1,0,0,28,10,8,56,23,33,1,1,0,6,1,0,85,31,42,82,26,32,3,5,10
03BNAC04  ,85,34,46,2,1,0,19,6,4,58,27,42,6,0,0,0,0,0,79,36,45,78,28,22,1,8,23
03BNAC05  ,109,40,46,9,3,0,14,1,4,76,36,41,7,0,1,3,0,0,99,40,46,95,30,20,4,10,26
03BNAC06  ,108,34,39,2,3,0,9,3,2,90,28,37,7,0,0,0,0,0,101,34,38,98,30,14,3,4,24
03BNAC07  ,100,23,41,4,1,0,15,1,3,69,21,37,11,0,1,1,0,0,88,23,41,85,19,18,3,4,23
03BNAC08  ,93,36,39,3,1,0,11,4,3,77,31,36,2,0,0,0,0,0,91,36,38,88,31,20,3,5,18
03BNAC09  ,57,18,21,3,1,0,6,1,1,46,16,20,1,0,0,1,0,0,53,18,21,50,17,5,3,1,16
03BNAC10  ,68,18,33,2,0,0,23,2,9,31,16,23,10,0,1,2,0,0,58,18,32,57,16,19,1,2,13
03BNAC11  ,104,32,56,3,2,1,37,7,12,50,22,39,8,1,2,6,0,2,91,31,50,83,28,27,8,3,23
03BNAC12  ,253,42,136,5,4,2,77,12,28,157,25,104,11,0,2,3,1,0,238,41,136,235,40,81,3,1,55
03BNAC13  ,157,28,84,8,2,1,55,5,17,82,20,62,10,1,4,2,0,0,145,26,80,145,23,54,0,3,26
03BNAC14  ,75,13,31,4,0,1,17,2,2,51,11,28,2,0,0,1,0,0,72,14,31,70,12,14,2,2,17
03BNAC15  ,114,36,59,9,1,0,25,6,11,77,29,48,2,0,0,1,0,0,111,36,59,109,28,30,2,8,29
03BNAC16  ,121,32,60,8,1,0,20,6,4,84,25,54,7,0,0,2,0,2,112,32,58,112,27,22,0,5,36
03BNAC17  ,116,46,66,12,1,0,16,5,9,85,40,57,3,0,0,0,0,0,113,46,66,110,34,22,3,12,44
03BNAC18  ,112,35,60,5,1,0,21,7,3,80,27,57,5,0,0,1,0,0,106,35,60,103,31,18,3,4,42
03BNAC19  ,66,29,34,2,0,1,15,6,1,49,23,32,0,0,0,0,0,0,67,28,33,67,17,13,0,11,20
03BNAC20  ,132,28,71,8,2,0,44,6,20,66,20,50,7,0,0,7,0,1,117,29,71,117,22,37,0,7,34
03BNAC21  ,158,38,85,11,3,0,62,3,17,66,32,67,10,0,1,9,0,0,140,38,84,139,36,44,1,2,40
03BNAC22  ,87,48,39,6,3,0,13,10,8,64,35,31,1,0,0,3,0,0,82,48,39,81,44,24,1,4,15
03BNAC23  ,138,47,71,7,1,0,25,4,8,101,41,63,4,0,0,1,1,0,132,45,72,128,33,29,4,12,43
03BNAC24  ,82,24,49,6,4,0,13,0,3,62,20,46,1,0,0,0,0,0,82,25,48,81,23,12,1,2,36
03BNAC25  ,27,11,16,1,0,0,2,2,3,23,9,12,1,0,1,0,0,0,27,10,15,26,9,6,1,1,9
03BNAC26  ,83,31,29,6,1,0,13,8,6,62,22,23,2,0,0,0,0,0,80,32,29,79,25,15,1,7,14
03BNAC27  ,90,41,38,6,0,0,16,10,3,64,30,35,2,1,0,2,0,0,87,38,38,85,31,13,2,7,25
03BNAC28  ,121,36,59,7,1,0,29,3,6,79,31,53,5,1,0,1,0,0,114,37,60,111,30,24,3,7,36
03BNAC29  ,125,28,62,4,0,0,41,8,8,79,20,52,1,0,2,0,0,0,123,29,58,122,27,26,1,2,32
03BNAC30  ,165,36,83,7,2,0,54,7,15,86,27,67,12,0,1,6,0,0,148,35,84,145,27,34,3,8,50
03BNAC31  ,61,20,32,3,0,0,14,1,4,42,19,28,1,0,0,1,0,0,58,20,32,56,16,14,2,4,18
03BNAC32  ,81,22,29,3,0,0,17,4,4,58,18,24,3,0,1,0,0,0,78,22,28,78,17,10,0,5,18
03BNAC33  ,71,27,34,2,4,0,18,0,3,49,23,30,2,0,1,0,0,0,69,28,34,63,23,16,6,5,18
03BNAC34  ,100,45,52,7,2,0,15,6,10,74,37,42,3,0,0,1,0,0,96,44,51,93,35,16,3,9,35
03BNAC35  ,102,29,43,9,0,0,15,2,1,71,27,42,5,0,0,2,0,0,95,30,44,92,24,19,3,6,25
03BNAC36  ,109,40,57,8,2,0,20,6,5,75,32,51,5,0,0,1,0,1,103,39,55,100,34,20,3,5,35
03BNAC37  ,120,34,60,8,1,0,16,4,11,91,29,49,5,0,0,0,0,0,116,33,61,114,25,28,2,8,33
03BNAC38  ,109,29,39,7,3,0,21,7,2,76,19,37,3,0,0,2,0,0,103,30,39,99,27,19,4,3,20
03BNAC39  ,107,36,56,6,1,0,18,5,4,76,30,52,3,0,0,4,0,0,100,36,56,97,24,22,3,12,34
03BNAC40  ,27,116,3,2,57,0,9,42,2,16,17,1,0,0,0,0,0,0,27,116,3,27,115,3,0,1,0
03BNAD01  ,99,48,47,12,3,0,21,7,7,63,37,38,3,1,0,0,0,2,97,47,45,90,36,15,7,11,30
03BNAD02  ,104,54,50,11,5,0,10,4,3,75,43,46,6,2,1,2,0,0,96,52,49,91,43,18,5,9,31
03BNAD03  ,107,35,45,4,0,0,23,8,1,73,27,38,4,0,2,3,0,4,100,35,39,95,24,13,5,11,26
03BNAD04  ,79,41,32,6,1,0,12,3,2,56,36,29,5,1,1,0,0,0,74,41,32,71,29,10,3,12,22
03BNAD05  ,113,55,51,5,1,1,25,15,6,71,36,40,6,2,3,6,1,1,101,51,46,97,44,29,4,7,17
03BNAD06  ,133,51,63,7,5,0,41,15,13,76,30,47,8,1,1,1,0,2,125,49,61,122,40,38,3,9,23
03BNAD07  ,120,32,56,8,1,0,26,5,5,78,25,47,4,0,1,4,1,3,111,32,51,104,25,17,7,7,34
03BNAD08  ,95,36,46,5,2,0,10,5,3,69,29,36,6,0,7,5,0,0,83,37,37,82,33,18,1,4,19
03BNAD09  ,117,43,66,2,0,1,31,4,6,73,39,51,8,0,4,3,0,4,107,42,60,104,34,22,3,8,38
03BNAD10  ,154,34,69,4,1,0,40,11,13,87,22,51,15,0,4,8,0,1,132,32,65,128,26,36,4,6,29
03BNAD11  ,81,35,16,7,0,1,22,12,4,41,21,9,8,2,2,3,0,0,69,35,13,66,33,11,3,2,2
03BNAD12  ,95,55,33,8,1,0,20,17,12,58,35,19,7,2,1,2,0,1,85,52,31,83,45,26,2,7,5
03BNAD13  ,86,42,20,2,4,2,20,5,1,61,32,17,1,0,0,2,1,0,84,42,19,84,40,12,0,2,7
03BNAD14  ,91,44,48,2,4,0,14,4,3,70,36,44,5,0,1,0,0,0,86,45,46,85,33,15,1,12,31
03BNAD15  ,132,44,50,4,0,0,26,6,5,94,38,45,8,0,0,0,0,0,124,43,51,121,38,19,3,5,32
03BNAD16  ,109,48,43,6,2,1,11,10,4,84,34,38,7,1,0,1,1,0,101,47,44,99,35,15,2,12,29
03BNAD17  ,148,60,53,8,1,0,26,5,4,98,54,47,14,0,2,2,0,0,132,59,50,128,44,15,4,15,35
03BNAD18  ,119,53,51,11,6,0,22,8,8,79,39,43,6,0,0,1,0,0,113,54,50,108,47,14,5,7,36
03BNAD19  ,129,45,61,7,3,0,43,5,9,56,35,50,11,1,1,12,1,1,105,42,60,99,33,21,6,9,39
03BNAD20  ,74,39,27,3,3,0,18,6,3,48,29,22,3,1,0,2,0,2,68,39,25,64,37,16,4,2,9
03BNAD21  ,71,37,8,5,3,0,15,8,3,42,24,5,7,2,0,2,0,0,63,34,8,62,30,6,1,4,2
03BNAD22  ,66,39,16,1,2,0,20,10,4,32,25,11,9,0,0,4,2,1,54,37,14,52,35,9,2,2,5
03BNAD23  ,85,36,43,10,2,0,12,4,6,56,30,37,5,0,0,2,0,0,77,36,44,75,26,15,2,10,29
03BNAD24  ,115,71,30,3,0,0,33,23,8,45,44,19,21,3,2,13,1,1,81,68,27,78,65,25,3,3,2
03BNAD25  ,83,57,22,0,3,1,23,12,5,56,40,16,3,2,0,1,0,0,80,54,22,77,53,15,3,1,7
03BNAD26  ,61,30,21,0,2,2,18,6,5,36,21,14,4,0,0,3,1,0,54,28,22,53,26,16,1,2,6
03BNAD27  ,73,43,17,3,1,0,21,10,4,36,29,11,4,3,0,9,0,2,60,41,13,59,35,9,1,6,4
03BNAD28  ,51,23,9,1,2,0,22,6,3,12,13,6,6,2,0,10,0,0,36,21,9,36,20,5,0,1,4
03BNAD29  ,2,0,1,0,0,0,1,0,0,1,0,1,0,0,0,0,0,0,2,0,1,2,0,1,0,0,0
03BNAD30  ,39,183,5,3,80,1,18,73,1,17,30,3,0,0,0,1,0,0,39,181,5,39,180,5,0,1,0
03BNAD31  ,0,0,0,0,0,0,0,0,0,0,0,0,0,0,0,0,0,0,0,0,0,0,0,0,0,0,0
03BNAD32  ,0,0,0,0,0,0,0,0,0,0,0,0,0,0,0,0,0,0,0,0,0,0,0,0,0,0,0
03BNAE01  ,87,22,36,2,0,0,7,6,10,76,16,25,2,0,1,0,0,0,84,23,35,80,16,24,4,7,11
03BNAE02  ,69,28,40,8,1,1,6,1,6,53,26,31,2,0,2,0,0,0,66,28,37,64,24,21,2,4,16
03BNAE03  ,122,37,49,8,1,0,15,3,2,91,33,45,8,0,1,0,0,1,115,37,48,112,29,15,3,8,33
03BNAE04  ,64,29,26,2,0,0,11,1,3,45,27,23,4,1,0,2,0,0,58,28,27,57,25,13,1,3,14
03BNAE05  ,73,25,31,2,1,0,11,3,3,60,20,28,0,1,0,0,0,0,73,24,30,68,17,9,5,7,21
03BNAE06  ,77,17,30,6,0,0,8,1,5,55,15,24,6,1,0,2,0,1,70,16,30,62,11,13,8,5,17
03BNAE07  ,110,29,52,9,2,0,18,1,7,73,26,43,10,0,1,0,0,1,99,28,49,98,15,19,1,13,30
03BNAE08  ,113,49,57,8,5,0,20,2,9,80,40,48,5,0,0,0,2,0,108,48,56,104,39,24,4,9,32
03BNAE09  ,51,10,17,0,0,0,10,0,1,33,10,15,6,0,1,2,0,0,43,10,17,43,7,7,0,3,10
03BNAE10  ,0,0,0,0,0,0,0,0,0,0,0,0,0,0,0,0,0,0,0,0,0,0,0,0,0,0,0
03BNAE11  ,45,15,22,0,0,0,9,2,1,32,13,20,4,0,0,0,0,1,41,15,20,40,10,5,1,5,15
03BNAE12  ,82,19,31,4,1,0,9,3,2,67,14,29,1,1,0,1,0,0,80,20,31,75,15,11,5,5,20
03BNAE13  ,139,41,54,6,4,0,21,2,5,106,34,48,5,0,1,1,1,0,133,38,53,132,34,22,1,4,31
03BNAE14  ,85,25,35,9,2,0,9,4,1,66,19,34,1,0,0,0,0,0,83,26,36,82,20,12,1,6,24
03BNAE15  ,30,12,15,1,1,0,1,3,1,24,8,12,4,0,2,0,0,0,27,11,12,27,6,5,0,5,7
03BNAE16  ,64,25,21,3,1,0,2,0,0,54,23,21,5,1,0,0,0,0,59,23,21,57,18,12,2,5,9
03BNAE17  ,61,18,21,2,0,0,7,3,2,50,15,18,2,0,1,0,0,0,59,19,20,55,16,5,4,3,15
03BNAE18  ,82,32,25,3,1,0,6,4,2,73,27,23,0,0,0,0,0,0,82,32,25,79,26,11,3,6,14
03BNAE19  ,131,38,51,4,3,0,11,6,4,111,29,46,5,0,1,0,0,0,126,38,50,123,30,26,3,8,24
03BNAE20  ,42,17,6,2,1,0,12,1,0,27,13,6,1,2,0,0,0,0,41,15,7,40,11,5,1,4,2
03BNAE21  ,80,34,28,5,2,0,14,4,3,55,28,23,3,0,1,3,0,1,74,34,25,73,27,12,1,7,13
03BNAE22  ,21,0,1,0,0,0,4,0,0,17,0,1,0,0,0,0,0,0,22,0,1,21,0,1,1,0,0
03BNAE23  ,5,34,0,0,18,0,2,11,0,3,5,0,0,0,0,0,0,0,4,35,0,4,35,0,0,0,0
03BNAF01  ,104,37,43,0,0,0,38,2,6,53,34,36,8,0,1,5,1,0,90,39,42,88,33,30,2,6,12
03BNAF02  ,101,25,42,1,1,0,26,4,7,67,19,34,3,1,1,4,0,0,94,24,40,92,19,16,2,5,24
03BNAF03  ,128,43,61,9,2,0,29,3,3,79,38,56,8,0,1,3,0,1,117,43,60,112,37,18,5,6,42
03BNAF04  ,93,46,31,9,2,0,11,1,4,65,41,27,3,2,0,5,0,0,85,44,30,84,36,11,1,8,19
03BNAF05  ,108,36,42,6,1,0,17,4,9,81,31,33,2,0,0,2,0,0,104,36,43,99,26,17,5,10,26
03BNAF06  ,126,51,56,5,0,0,31,6,9,80,41,44,9,4,3,1,0,0,115,48,52,113,39,25,2,9,27
03BNAF07  ,136,41,68,6,0,0,36,3,10,82,38,55,11,0,3,1,0,0,125,40,66,119,32,33,6,8,33
03BNAF08  ,149,34,76,2,2,1,35,9,12,102,22,62,8,1,1,2,0,0,138,33,75,134,27,38,4,6,37
03BNAF09  ,110,43,64,2,0,0,11,4,4,91,39,58,6,0,1,0,0,1,105,43,62,97,36,26,8,7,36
03BNAF10  ,83,24,32,6,2,0,8,1,3,63,21,28,6,0,1,0,0,0,78,25,29,78,23,9,0,2,20
03BNAF11  ,89,37,31,7,2,1,13,5,1,66,30,29,3,0,0,0,0,0,85,36,33,85,28,13,0,8,20
03BNAF12  ,119,45,54,5,0,0,16,6,5,91,39,49,6,0,0,1,0,0,113,45,54,109,33,18,4,12,36
03BNAF13  ,114,31,55,4,3,0,43,4,15,55,22,38,7,0,2,5,2,0,101,29,53,98,26,33,3,3,20
03BNAF14  ,148,37,85,6,1,1,43,8,11,85,28,72,13,0,1,1,0,0,134,38,85,133,31,43,1,7,42
03BNAF15  ,103,25,55,6,1,0,20,1,5,72,22,48,1,1,1,4,0,1,98,23,52,93,17,19,5,6,33
03BNAF16  ,94,25,37,3,0,0,10,0,7,77,25,30,3,0,0,1,0,0,89,25,37,84,18,16,5,7,21
03BNAF17  ,126,31,72,3,4,1,26,6,10,91,20,58,4,1,1,2,0,2,121,29,69,119,27,32,2,2,37
03BNAF18  ,112,45,43,7,1,0,12,3,6,84,40,35,6,1,0,3,0,2,102,45,40,99,33,16,3,12,24
03BNAF19  ,106,41,41,6,3,0,18,2,2,77,36,39,4,0,0,1,0,0,102,40,42,100,28,21,2,12,21
03BNAF20  ,106,47,47,7,0,0,14,3,4,74,42,41,6,2,2,5,0,0,95,44,45,92,35,15,3,9,30
03BNAF21  ,150,38,68,12,2,0,23,7,5,106,29,62,6,0,1,3,0,0,141,39,67,138,28,23,3,11,44
03BNAF22  ,144,39,61,5,1,0,49,3,14,50,30,46,26,2,1,14,3,0,104,35,60,99,30,26,5,5,34
03BNAF23  ,72,25,25,0,1,0,16,5,3,37,17,19,14,1,3,5,1,0,53,22,22,47,16,14,6,6,8
03BNAF24  ,76,14,30,2,0,0,9,0,0,61,14,29,4,0,1,0,0,0,71,17,29,67,12,16,4,5,13
03BNAF25  ,70,36,29,3,4,0,9,5,3,57,26,26,1,1,0,0,0,0,70,32,29,68,28,18,2,4,11
03BNAF26  ,135,38,62,8,1,0,17,1,3,103,34,59,5,2,0,2,0,0,129,36,62,123,30,19,6,6,43
03BNAF27  ,133,36,56,5,1,0,15,3,3,109,32,53,3,0,0,1,0,0,128,36,56,124,25,22,4,11,34
03BNAF28  ,95,31,43,8,2,2,24,7,8,56,22,32,6,0,1,1,0,0,87,32,42,85,24,20,2,8,22
03BNAF29  ,0,34,1,0,0,0,0,20,0,0,14,1,0,0,0,0,0,0,0,33,2,0,32,2,0,1,0
03BNAG01  ,106,37,50,7,2,0,6,4,5,92,31,45,1,0,0,0,0,0,106,37,49,105,32,26,1,5,23
03BNAG02  ,158,53,68,11,2,0,23,5,2,114,46,64,8,0,2,2,0,0,149,52,66,145,41,27,4,11,39
03BNAG03  ,132,35,61,11,0,2,15,0,3,101,34,52,4,1,3,1,0,1,126,35,56,125,26,26,1,9,30
03BNAG04  ,127,28,59,2,0,0,26,2,5,87,26,44,10,0,7,2,0,3,115,29,49,112,22,23,3,7,26
03BNAG05  ,87,31,23,8,0,0,10,1,7,66,30,16,2,0,0,1,0,0,84,30,23,81,23,10,3,7,13
03BNAG06  ,116,35,55,6,4,0,15,2,5,91,28,49,3,1,1,1,0,0,111,35,54,107,30,16,4,5,38
03BNAG07  ,110,33,57,6,1,0,13,5,7,84,27,46,4,0,0,3,0,4,104,32,53,103,24,17,1,8,36
03BNAG08  ,91,30,46,5,0,0,14,3,3,62,26,40,9,0,3,1,1,0,82,28,44,80,23,23,2,5,21
03BNAG09  ,101,22,47,4,0,0,14,2,3,73,20,42,8,0,1,2,0,1,90,23,44,84,16,17,6,7,27
03BNAG10  ,112,39,60,6,3,0,15,3,3,89,33,55,2,0,2,0,0,0,111,37,57,108,32,29,3,5,28
03BNAG11  ,127,38,55,5,3,0,20,3,3,97,29,47,5,3,5,0,0,0,121,37,51,120,31,22,1,6,29
03BNAG12  ,121,25,46,5,0,0,14,4,3,93,21,39,6,0,2,3,0,2,112,26,41,112,19,25,0,7,16
03BNAG13  ,109,27,53,8,1,0,14,1,2,78,22,45,6,1,4,3,2,2,100,23,49,99,22,21,1,1,28
03BNAG14  ,63,24,31,2,0,0,10,1,1,46,23,27,4,0,2,1,0,1,60,25,28,55,20,16,5,5,12
03BNAG15  ,99,22,45,3,1,0,21,3,9,70,17,35,3,1,0,2,0,1,92,20,44,91,19,25,1,1,19
03BNAG16  ,116,33,47,7,0,0,15,4,4,89,28,43,5,1,0,0,0,0,112,31,46,109,21,20,3,10,26
03BNAG17  ,107,38,42,6,4,0,13,1,3,79,33,39,8,0,0,1,0,0,97,38,43,96,31,27,1,7,16
03BNAG18  ,122,44,50,3,3,0,14,1,1,92,39,47,11,0,1,2,1,1,109,43,50,103,31,24,6,12,26
03BNAG19  ,80,13,37,0,1,0,9,1,1,63,11,35,6,0,1,2,0,0,72,13,34,68,13,15,4,0,19
03BNAG20  ,55,14,28,4,0,0,7,0,1,44,14,27,0,0,0,0,0,0,53,14,28,52,8,16,1,6,12
03BNAG21  ,69,21,33,0,0,0,10,2,5,48,17,26,7,2,2,4,0,0,60,19,31,59,13,15,1,6,16
03BNAG22  ,119,38,65,3,0,0,7,5,3,97,33,60,11,0,1,1,0,1,108,37,63,108,29,22,0,8,41
03BNAG23  ,91,42,38,8,1,1,13,5,4,68,36,33,2,0,0,0,0,0,88,43,39,85,34,21,3,9,18
03BNAG24  ,89,22,44,1,1,1,12,3,4,74,18,38,1,0,1,1,0,0,87,21,44,85,17,21,2,4,23
03BNAG25  ,92,23,41,6,2,0,14,1,3,67,20,37,4,0,1,1,0,0,87,24,39,85,19,22,2,5,17
03BNAG26  ,59,14,28,1,0,0,13,1,2,42,13,25,3,0,1,0,0,0,57,14,27,55,12,9,2,2,18
03BNAG27  ,64,13,30,3,0,1,6,1,3,47,12,24,7,0,2,1,0,0,56,13,28,56,11,10,0,2,18
03BNAG28  ,60,7,25,3,1,1,10,0,2,41,6,19,5,0,3,1,0,0,55,6,22,54,3,17,1,3,5
03BNAG29  ,71,20,29,3,1,0,19,2,5,44,16,23,5,1,0,0,0,1,65,21,28,65,16,18,0,5,10
03BNAG30  ,98,20,38,5,1,0,9,1,6,79,17,32,2,1,0,3,0,0,92,20,38,86,17,16,6,3,22
03BNAG31  ,89,22,32,0,0,0,17,1,2,68,20,26,2,0,2,2,1,2,85,20,28,83,17,15,2,3,13
03BNAG32  ,60,8,25,0,0,0,11,1,3,43,6,22,4,0,0,2,1,0,53,6,25,51,3,10,2,3,15
03BNAG33  ,168,53,78,9,5,2,25,4,4,124,44,71,8,0,1,2,0,0,159,54,76,152,44,26,7,10,50
03BNAG34  ,137,37,50,8,5,0,33,2,6,88,29,44,3,1,0,5,0,0,130,36,50,129,26,26,1,10,24
03BNAG35  ,175,46,81,9,4,0,38,7,8,113,33,70,10,2,2,5,0,1,159,44,78,153,43,35,6,1,43
03BNAH01  ,84,24,46,3,1,0,14,3,3,63,20,43,3,0,0,1,0,0,78,24,46,76,19,21,2,5,25
03BNAH02  ,83,33,38,4,0,0,11,3,5,65,30,33,2,0,0,1,0,0,82,33,38,81,23,20,1,10,18
03BNAH03  ,109,50,49,0,2,1,28,7,3,77,41,45,4,0,0,0,0,0,108,49,49,103,39,16,5,10,33
03BNAH04  ,152,34,65,9,0,0,25,4,7,103,30,57,11,0,1,4,0,0,134,35,64,129,28,31,5,7,33
03BNAH05  ,71,31,42,4,3,0,19,6,4,47,22,38,1,0,0,0,0,0,70,31,41,68,25,15,2,6,26
03BNAH06  ,129,43,62,7,3,0,33,6,8,71,33,50,12,0,3,6,1,1,111,42,59,109,38,18,2,4,41
03BNAH07  ,133,40,65,3,0,0,24,9,8,99,31,55,4,0,0,3,0,2,126,40,63,125,28,22,1,12,41
03BNAH08  ,109,24,44,4,0,0,20,5,4,78,19,39,5,0,0,2,0,1,102,25,43,99,22,19,3,3,24
03BNAH09  ,105,30,45,1,0,0,21,1,3,73,28,42,8,0,0,2,1,0,96,28,45,94,21,18,2,7,27
03BNAH10  ,84,22,36,3,1,0,12,1,1,66,20,35,3,0,0,0,0,0,80,23,36,77,16,12,3,7,24
03BNAH11  ,90,33,35,6,0,0,12,6,2,64,27,33,8,0,0,0,0,0,82,32,34,81,24,11,1,8,23
03BNAH12  ,101,43,39,7,2,0,13,2,8,73,37,31,8,0,0,0,2,0,93,42,40,87,33,17,6,9,23
03BNAH13  ,109,30,57,6,2,1,29,5,9,57,23,43,9,0,0,8,0,4,92,29,52,91,20,17,1,9,35
03BNAH14  ,89,40,42,9,3,0,12,4,1,66,31,41,1,1,0,1,1,0,87,39,43,85,32,16,2,7,27
03BNAH15  ,127,50,60,4,2,0,33,11,4,81,34,55,6,0,0,3,3,1,116,48,60,115,39,17,1,9,43
03BNAH16  ,156,18,72,5,0,0,80,2,10,52,15,57,6,1,4,13,0,1,139,16,66,137,16,37,2,0,29
03BNAH17  ,166,43,84,1,1,0,71,6,19,62,32,53,13,3,8,19,1,4,135,40,71,132,37,34,3,3,37
03BNAH18  ,176,45,85,7,4,0,61,6,10,95,35,73,7,0,0,6,0,2,162,44,84,154,39,45,8,5,39
03BNAH19  ,140,37,71,9,3,0,24,5,7,97,29,64,5,0,0,5,0,0,131,36,70,126,24,29,5,12,41
03BNAH20  ,147,22,64,4,0,0,74,6,17,48,16,44,8,0,2,13,0,1,125,22,62,121,20,29,4,2,33
03BNAH21  ,185,51,79,8,0,0,93,12,14,51,37,61,13,2,1,20,0,3,151,51,74,150,41,37,1,10,37
03BNAH22  ,109,46,54,7,2,0,17,5,5,79,39,49,4,0,0,2,0,0,104,44,55,102,37,21,2,7,34
03BNAH23  ,135,39,66,9,4,0,49,3,14,63,32,47,4,0,1,10,0,4,119,40,61,117,30,31,2,10,30
03BNAH24  ,136,37,61,10,5,0,30,4,10,90,28,51,4,0,0,2,0,0,132,36,61,129,29,33,3,7,28
03BNAH25  ,115,37,47,3,3,0,20,3,3,87,31,44,5,0,0,0,0,0,110,36,48,105,32,20,5,4,28
03BNAH26  ,112,27,54,6,0,0,26,6,8,69,21,45,5,0,0,6,0,1,101,28,52,98,23,22,3,5,30
03BNAH27  ,133,38,69,10,1,0,24,1,5,94,34,62,4,2,2,1,0,0,128,37,66,121,32,34,7,5,32
03BNAH28  ,181,45,89,8,4,0,75,11,20,74,30,66,15,0,0,9,0,3,157,44,87,156,39,39,1,5,48
03BNAH29  ,60,19,24,5,0,0,7,2,5,47,17,19,0,0,0,1,0,0,59,20,24,55,17,11,4,3,13
03BNAH30  ,82,32,44,4,3,1,16,3,9,51,26,33,4,0,0,7,0,1,71,31,43,69,26,19,2,5,24
03BNAJ01  ,125,41,50,10,1,0,22,11,3,76,29,43,12,0,4,5,0,0,108,40,46,107,32,20,1,8,26
03BNAJ02  ,103,40,42,6,1,0,17,3,0,76,36,42,4,0,0,0,0,0,100,39,42,98,30,17,2,9,25
03BNAJ03  ,95,37,46,5,2,0,24,2,7,55,32,36,7,0,1,4,1,2,83,37,44,80,31,20,3,6,24
03BNAJ04  ,136,33,67,8,0,0,41,7,13,72,25,52,6,1,2,9,0,0,122,32,65,118,29,30,4,3,35
03BNAJ05  ,117,32,54,3,2,0,39,1,11,63,29,39,7,0,2,5,0,2,104,32,50,101,28,20,3,4,30
03BNAJ06  ,144,36,75,5,1,1,36,4,8,88,28,66,10,2,0,5,1,0,129,33,74,127,30,41,2,3,33
03BNAJ07  ,89,24,39,5,1,1,18,6,3,52,17,33,8,0,0,6,0,2,75,24,38,72,19,24,3,5,14
03BNAJ08  ,109,27,47,3,0,0,28,2,6,64,24,40,6,1,1,8,0,0,95,24,46,94,19,23,1,5,23
03BNAJ09  ,138,29,68,2,1,2,37,5,11,69,23,49,23,0,4,7,0,2,108,31,62,105,27,31,3,4,31
03BNAJ10  ,138,37,75,6,4,0,47,6,15,68,27,52,12,0,6,5,0,2,120,37,67,117,32,28,3,5,39
03BNAJ11  ,116,45,48,7,2,0,24,16,7,69,27,36,13,0,5,3,0,0,101,45,43,98,39,23,3,6,20
03BNAJ12  ,124,23,71,7,2,0,49,6,8,51,13,57,13,2,4,4,0,2,107,21,64,107,19,26,0,2,38
03BNAJ13  ,91,23,50,4,0,1,32,5,10,48,18,37,4,0,2,3,0,0,84,23,49,81,19,21,3,4,28
03BNAJ14  ,144,41,71,6,1,0,38,7,13,93,33,58,5,0,0,2,0,0,137,42,69,133,37,45,4,5,24
03BNAJ15  ,148,39,64,9,1,0,46,8,12,65,27,45,12,2,5,16,1,2,120,35,59,116,33,28,4,2,31
03BNAJ16  ,112,28,59,8,5,0,33,8,11,61,15,45,7,0,3,3,0,0,103,27,57,101,24,27,2,3,30
03BNAJ17  ,116,40,49,8,1,0,13,2,4,90,37,45,3,0,0,2,0,0,110,41,48,103,32,26,7,9,22
03BNAJ18  ,147,68,76,6,0,0,24,6,3,108,60,70,8,2,1,1,0,2,138,65,73,132,49,27,6,16,46
03BNAJ19  ,90,27,30,7,2,0,8,1,2,63,24,28,11,0,0,1,0,0,78,28,30,76,23,10,2,5,20
03BNAJ20  ,107,30,44,6,2,0,12,2,8,84,26,33,3,0,3,2,0,0,101,30,40,98,25,17,3,5,23
03BNAJ21  ,76,36,39,2,0,0,13,3,3,57,33,35,3,0,0,1,0,1,73,36,40,70,29,13,3,7,27
03BNAJ22  ,97,42,43,8,4,0,24,6,1,61,31,42,4,1,0,0,0,0,93,40,43,84,32,17,9,8,26
03BNAJ23  ,123,34,61,11,2,0,32,6,9,68,25,47,7,1,5,5,0,0,111,34,56,108,32,23,3,2,33
03BNAJ24  ,107,39,46,2,1,0,23,5,4,72,33,37,8,0,3,2,0,2,96,40,41,92,34,12,4,6,29
03BNAJ25  ,67,27,33,5,2,1,10,2,5,48,23,27,3,0,0,1,0,0,64,26,33,61,21,14,3,5,19
03BNAJ26  ,89,33,35,4,3,0,18,4,2,60,25,28,4,1,2,3,0,3,83,32,30,81,25,14,2,7,16
03BNAJ27  ,83,33,31,3,2,0,13,3,6,61,28,24,5,0,1,1,0,0,76,33,30,69,22,10,7,11,20
03BNAJ28  ,127,41,64,5,0,0,30,2,10,86,39,53,5,0,0,1,0,1,121,42,64,119,34,26,2,8,38
03BNAJ29  ,101,40,42,8,0,0,23,5,8,57,32,31,9,3,2,4,0,1,88,37,38,87,34,26,1,3,12
03BNAJ30  ,94,46,41,5,1,0,19,1,3,63,42,38,7,2,0,0,0,0,86,45,42,86,33,17,0,12,25
03BNAJ31  ,0,15,0,0,8,0,0,0,0,0,7,0,0,0,0,0,0,0,0,15,0,0,15,0,0,0,0
03BNAK01  ,91,33,42,5,0,0,12,3,4,67,30,38,6,0,0,1,0,0,84,32,42,84,26,18,0,6,24
03BNAK02  ,131,49,53,9,2,1,27,5,1,87,41,48,8,1,3,0,0,0,122,49,50,119,41,21,3,8,29
03BNAK03  ,186,57,91,12,1,0,46,9,18,97,46,67,16,1,3,15,0,3,156,55,85,156,50,40,0,5,45
03BNAK04  ,117,30,55,14,1,0,22,4,10,76,25,44,3,0,0,2,0,1,113,28,54,105,25,23,8,3,31
03BNAK05  ,136,42,47,7,4,0,35,5,5,88,32,40,4,1,2,2,0,0,129,43,45,125,33,20,4,10,25
03BNAK06  ,107,34,55,6,1,0,20,4,5,75,29,47,4,0,2,2,0,1,101,33,52,99,28,22,2,5,30
03BNAK07  ,155,34,83,12,3,0,35,1,11,91,30,68,12,0,2,5,0,2,138,35,79,133,32,34,5,3,45
03BNAK08  ,113,41,57,8,2,0,28,2,6,69,37,49,3,0,1,5,0,1,105,40,55,104,32,31,1,8,24
03BNAK09  ,131,32,63,4,0,0,26,3,7,96,29,56,5,0,0,0,0,0,126,33,64,123,22,24,3,11,40
03BNAK10  ,52,18,12,0,0,0,6,3,2,45,15,10,1,0,0,0,0,0,51,18,11,47,14,9,4,4,2
03BNAK11  ,44,15,19,0,0,0,8,3,1,33,12,18,2,0,0,1,0,0,41,15,20,41,14,9,0,1,11
03BNAK12  ,57,20,24,0,0,0,8,2,3,49,18,21,0,0,0,0,0,0,56,20,24,55,14,17,1,6,7
03BNAK13  ,65,23,22,0,0,0,6,2,1,55,20,21,3,1,0,1,0,0,63,22,22,59,20,13,4,2,9
03BNAK14  ,144,42,68,6,1,0,38,3,8,96,38,59,2,0,1,2,0,0,141,42,67,136,33,26,5,9,41
03BNAK15  ,131,34,54,3,3,0,40,7,4,72,24,45,10,0,5,6,0,0,114,34,49,112,32,26,2,2,23
03BNAK16  ,146,51,65,8,2,0,48,6,12,77,43,52,7,0,1,6,0,0,132,52,63,132,46,24,0,6,39
03BNAK17  ,131,38,57,13,0,0,21,5,4,89,33,49,5,0,4,3,0,0,124,37,54,119,25,24,5,12,30
03BNAK18  ,64,23,27,2,0,0,14,3,1,44,20,26,2,0,0,2,0,0,60,23,28,56,18,13,4,5,15
03BNAK19  ,147,40,78,2,0,1,28,4,7,91,36,68,19,0,0,7,0,2,121,40,75,118,36,26,3,4,49
03BNAK20  ,122,32,55,5,1,0,19,3,8,92,28,47,3,0,0,3,0,0,117,31,55,108,22,20,9,9,35
03BNAK21  ,113,44,49,4,1,0,15,3,4,86,40,45,7,0,0,1,0,0,104,45,49,101,38,18,3,7,31
03BNAK22  ,97,28,37,6,1,1,26,3,6,57,24,28,7,0,1,1,0,1,90,28,33,86,22,17,4,6,16
03BNAK23  ,94,37,47,7,1,0,9,3,7,77,33,40,1,0,0,0,0,0,92,37,49,90,31,19,2,6,30
03BNAK24  ,83,31,35,2,1,0,14,4,3,62,26,31,5,0,0,0,0,1,78,30,34,78,26,15,0,4,19
03BNAK25  ,4,56,0,2,30,0,1,12,0,1,14,0,0,0,0,0,0,0,4,57,0,4,57,0,0,0,0
03BNAL01  ,34,12,10,0,0,0,6,0,2,26,11,6,2,1,2,0,0,0,32,11,9,30,11,5,2,0,4
03BNAL02  ,156,31,58,6,0,2,36,11,9,89,19,46,13,0,1,12,1,0,131,30,56,128,25,25,3,5,31
03BNAL03  ,120,21,63,4,0,1,28,0,10,72,18,48,8,2,3,8,1,1,104,17,61,101,15,40,3,2,21
03BNAL04  ,71,24,21,4,2,0,12,3,6,47,17,13,6,1,1,2,1,1,63,22,17,58,21,10,5,1,7
03BNAL05  ,104,22,31,4,3,0,14,6,4,78,12,25,7,0,2,1,1,0,96,22,30,93,18,15,3,4,15
03BNAL06  ,139,38,59,7,1,0,33,3,11,95,31,47,1,3,0,3,0,1,135,34,57,135,29,30,0,5,27
03BNAL07  ,142,23,37,3,0,1,13,1,1,100,19,31,20,2,4,6,1,0,115,21,32,110,14,16,5,7,16
03BNAL08  ,95,37,52,5,2,1,20,3,12,52,32,35,11,0,3,7,0,1,78,35,49,77,32,30,1,3,19
03BNAL09  ,80,24,36,3,0,0,9,3,1,62,21,33,6,0,2,0,0,0,74,25,33,72,19,7,2,6,26
03BNAL10  ,101,26,44,3,0,0,16,4,4,66,22,35,11,0,5,5,0,0,85,25,40,82,24,21,3,1,19
03BNAL11  ,93,28,28,3,3,0,19,1,3,63,23,22,5,0,2,3,1,1,85,28,25,83,25,12,2,3,13
03BNAL12  ,101,45,42,7,1,0,17,9,1,75,35,41,2,0,0,0,0,0,99,44,42,95,32,11,4,12,31
03BNAL13  ,65,22,16,5,1,0,8,2,1,39,18,12,11,1,3,2,0,0,52,22,13,51,16,9,1,6,4
03BNAL14  ,33,8,5,0,0,0,4,1,1,23,7,3,5,0,0,1,0,1,27,7,4,26,6,2,1,1,2
03BNAL15  ,59,14,22,3,0,0,6,1,4,44,13,17,5,0,0,1,0,1,53,14,21,49,12,12,4,2,9
03BNAL16  ,99,14,28,2,0,1,4,1,2,74,13,23,12,0,2,7,0,0,80,14,26,80,12,15,0,2,11
03BNAL17  ,52,18,20,0,0,0,8,1,1,44,17,17,0,0,1,0,0,1,53,19,17,53,14,8,0,5,9
03BNAL18  ,72,28,35,6,2,0,12,2,7,45,24,26,6,0,2,3,0,0,62,28,34,59,19,18,3,9,16
03BNAL19  ,93,35,46,4,2,0,13,5,7,73,28,39,3,0,0,0,0,0,91,35,45,91,26,21,0,9,24
03BNAL20  ,115,24,51,4,1,0,15,3,3,83,19,45,7,0,3,6,1,0,102,23,49,97,20,28,5,3,21
03BNAL21  ,72,32,24,7,4,0,4,1,1,59,25,23,2,2,0,0,0,0,71,30,24,70,23,13,1,7,11
03BNAL22  ,81,39,35,6,2,0,9,2,1,62,35,34,4,0,0,0,0,0,76,39,35,75,31,12,1,8,23
03BNAL23  ,66,21,19,5,0,0,7,3,2,51,18,17,2,0,0,1,0,0,64,22,19,62,18,6,2,4,13
03BNAL24  ,120,21,27,5,2,1,15,2,1,84,16,22,10,1,2,6,0,1,103,19,24,103,16,13,0,3,11
03BNAL25  ,114,47,47,0,3,1,20,2,9,87,40,37,4,2,0,3,0,0,106,44,48,105,35,23,1,9,25
03BNAL26  ,2,20,0,0,13,0,1,1,0,1,6,0,0,0,0,0,0,0,2,21,0,2,21,0,0,0,0
03BNAM01  ,114,29,45,5,0,0,29,6,5,73,23,39,5,0,1,2,0,0,108,29,43,106,24,20,2,5,23
03BNAM02  ,162,36,87,5,2,0,44,8,21,92,26,62,14,0,2,7,0,2,140,36,84,138,31,41,2,5,43
03BNAM03  ,123,51,60,5,1,0,37,14,20,73,33,39,6,2,1,2,1,0,114,48,58,110,40,33,4,8,25
03BNAM04  ,115,27,51,4,2,0,20,6,3,70,18,42,20,0,4,1,1,2,95,26,46,92,20,23,3,6,23
03BNAM05  ,54,29,25,3,2,0,15,9,3,26,18,22,5,0,0,5,0,0,44,29,25,43,26,15,1,3,10
03BNAM06  ,117,26,52,3,1,0,37,11,7,59,12,38,11,2,2,7,0,5,99,24,45,96,23,25,3,1,20
03BNAM07  ,132,42,65,6,4,0,37,8,14,81,30,50,6,0,1,2,0,0,124,42,63,122,38,39,2,4,24
03BNAM08  ,126,33,55,11,2,0,25,7,10,75,22,45,15,2,0,0,0,0,111,31,56,109,28,34,2,3,22
03BNAM09  ,114,46,49,4,0,0,39,19,8,53,26,39,9,0,1,9,1,1,97,44,48,96,42,23,1,2,25
03BNAM10  ,75,51,17,4,5,0,24,10,5,43,35,12,4,1,0,0,0,0,70,51,16,69,45,14,1,6,2
03BNAM11  ,85,33,29,4,1,0,23,7,7,44,21,16,8,4,2,6,0,4,72,27,23,67,24,19,5,3,4
03BNAM12  ,91,62,28,0,0,0,24,9,8,59,52,18,3,1,1,5,0,1,83,63,26,78,60,19,5,3,7
03BNAM13  ,88,37,27,3,1,0,16,12,6,58,23,20,9,1,0,2,0,1,77,36,27,74,34,18,3,2,9
03BNAM14  ,70,31,16,3,0,0,9,4,0,47,26,15,10,1,0,1,0,1,59,31,14,57,30,6,2,1,8
03BNAM15  ,111,54,25,2,2,0,22,7,3,77,40,22,5,3,0,5,2,0,101,49,24,98,43,17,3,6,7
03BNAM16  ,97,34,38,5,0,1,28,7,9,54,27,27,6,0,1,4,0,0,87,33,38,83,30,26,4,3,12
03BNAM17  ,139,36,46,6,3,0,28,7,5,87,24,38,13,2,2,5,0,1,120,36,44,115,35,20,5,1,24
03BNAM18  ,108,40,49,4,2,0,30,9,12,61,28,36,8,1,0,5,0,1,96,37,47,95,34,30,1,3,17
03BNAM19  ,115,53,53,3,1,0,39,15,12,56,37,41,11,0,0,6,0,0,99,54,52,99,51,41,0,3,11
03BNAM20  ,128,26,53,2,0,0,45,5,6,70,18,45,6,3,1,5,0,1,115,22,52,115,20,30,0,2,22
03BNAM21  ,137,45,47,5,4,1,38,7,10,81,34,35,10,0,1,3,0,0,123,45,46,121,36,33,2,9,13
03BNAM22  ,87,40,34,1,1,0,24,7,5,52,32,26,7,0,2,3,0,1,78,40,31,75,35,19,3,5,12
03BNAM23  ,93,40,42,5,1,0,25,9,3,45,26,36,14,1,2,4,3,1,75,36,38,74,34,19,1,2,19
03BNAM24  ,79,32,42,3,2,0,19,4,4,47,26,36,7,0,1,3,0,1,69,32,41,67,26,21,2,6,20
03BNAM25  ,95,32,49,4,0,0,27,11,11,48,21,36,10,0,0,6,0,2,78,32,48,78,27,28,0,5,20
03BNAM26  ,64,31,26,0,1,0,13,5,6,40,25,19,7,0,1,4,0,0,54,31,24,51,22,15,3,9,9
03BNAM27  ,127,42,63,3,1,0,34,11,8,78,29,52,9,1,2,3,0,1,115,40,61,114,36,27,1,4,34
03BNAM28  ,113,31,53,4,2,1,29,4,9,62,22,39,12,1,3,6,2,1,95,29,48,92,26,21,3,3,27
03BNAM29  ,96,52,42,8,3,0,22,8,5,62,41,33,4,0,3,0,0,1,91,52,38,83,44,19,8,8,19
03BNAM30  ,141,27,55,6,4,0,59,7,13,52,15,38,12,1,4,12,0,0,118,26,51,113,24,30,5,2,21
03BNAM31  ,152,38,68,5,0,0,46,11,14,76,27,52,15,0,2,10,0,0,128,38,66,123,34,36,5,4,30
03BNAM32  ,113,37,50,9,1,0,31,6,8,62,30,35,5,0,4,6,0,3,101,37,43,98,31,18,3,6,25
03BNAM33  ,109,47,46,2,1,0,20,4,6,81,42,38,5,0,1,1,0,1,102,46,44,100,38,21,2,8,23
03BNAN01  ,94,37,38,3,1,0,11,5,4,78,28,34,1,2,0,1,1,0,90,35,38,87,29,12,3,6,26
03BNAN02  ,35,13,13,1,0,0,7,2,1,26,11,12,1,0,0,0,0,0,36,12,13,35,9,3,1,3,10
03BNAN03  ,51,14,17,3,1,0,5,2,2,39,11,15,2,0,0,2,0,0,48,14,16,48,12,6,0,2,10
03BNAN04  ,28,4,9,1,0,0,6,0,0,14,3,5,4,0,2,3,1,2,20,3,5,20,3,3,0,0,2
03BNAN05  ,91,35,48,2,0,0,2,3,0,78,32,48,9,0,0,0,0,0,81,36,49,79,30,19,2,6,30
03BNAN06  ,114,40,57,5,3,0,12,3,3,91,34,53,4,0,0,2,0,1,109,39,56,109,27,20,0,12,36
03BNAN07  ,72,24,18,1,0,0,4,4,1,64,20,17,2,0,0,1,0,0,68,26,18,64,22,14,4,4,4
03BNAN08  ,86,21,30,3,0,0,10,3,1,71,18,29,2,0,0,0,0,0,85,19,30,82,19,14,3,0,16
03BNAN09  ,31,19,9,0,2,0,6,2,1,24,15,8,1,0,0,0,0,0,30,17,10,28,14,3,2,3,7
03BNAN10  ,50,13,22,4,0,0,10,0,6,23,12,9,11,1,5,2,0,2,36,14,14,36,9,10,0,5,4
03BNAN11  ,6,5,2,0,0,0,1,0,0,5,5,1,0,0,1,0,0,0,6,5,1,5,4,1,1,1,0
03BNAN12  ,57,20,21,2,1,0,6,2,3,47,17,18,2,0,0,0,0,0,55,21,20,52,20,8,3,1,12
03BNAN13  ,38,12,15,0,0,0,7,3,4,25,7,8,3,2,2,3,0,1,31,11,13,31,8,7,0,3,6
03BNAN14  ,34,11,6,3,0,0,14,2,3,14,9,3,0,0,0,3,0,0,32,10,5,32,9,5,0,1,0
03BNAN15  ,41,10,24,0,0,0,14,4,9,19,5,10,6,0,2,2,1,3,34,10,17,34,10,11,0,0,6
03BNAN16  ,0,0,0,0,0,0,0,0,0,0,0,0,0,0,0,0,0,0,0,0,0,0,0,0,0,0,0
03BNAN17  ,32,2,16,0,0,0,17,0,3,14,2,11,1,0,1,0,0,1,32,2,16,32,2,7,0,0,9
03BNAN18  ,26,6,10,0,0,0,9,1,4,7,2,4,3,2,0,7,1,2,16,4,6,15,4,6,1,0,0
03BNAN19  ,48,7,22,0,0,0,28,5,8,16,2,11,1,0,0,3,0,3,44,7,18,43,7,6,1,0,12
03BNAN20  ,27,2,14,0,0,0,14,1,4,5,1,3,3,0,2,5,0,5,19,2,8,17,2,6,2,0,2
03BNAN21  ,0,0,0,0,0,0,0,0,0,0,0,0,0,0,0,0,0,0,0,0,0,0,0,0,0,0,0
03BNAN22  ,0,0,0,0,0,0,0,0,0,0,0,0,0,0,0,0,0,0,0,0,0,0,0,0,0,0,0
03BNAN23  ,34,0,2,2,0,0,2,0,1,28,0,1,2,0,0,0,0,0,33,0,2,31,0,2,2,0,0
03BNAN24  ,5,31,0,0,11,0,1,9,0,4,11,0,0,0,0,0,0,0,4,33,0,4,33,0,0,0,0
03BNAN25  ,0,0,0,0,0,0,0,0,0,0,0,0,0,0,0,0,0,0,1,0,0,1,0,0,0,0,0
03BNAN26  ,0,6,1,0,0,0,0,0,0,0,6,1,0,0,0,0,0,0,0,6,1,0,5,1,0,1,0
03BNAN27  ,3,20,2,0,0,0,3,7,1,0,11,1,0,2,0,0,0,0,4,19,2,4,19,2,0,0,0
03BNAN28  ,3,4,2,0,0,0,3,0,0,0,4,2,0,0,0,0,0,0,2,4,2,2,4,2,0,0,0
03BNAN29  ,0,0,0,0,0,0,0,0,0,0,0,0,0,0,0,0,0,0,0,0,0,0,0,0,0,0,0
03BNAN30  ,0,7,1,0,1,0,0,4,1,0,2,0,0,0,0,0,0,0,0,8,2,0,8,2,0,0,0
03BNAN31  ,37,0,0,2,0,0,2,0,0,33,0,0,0,0,0,0,0,0,36,0,0,35,0,0,1,0,0
03BNAN32  ,1,0,0,0,0,0,1,0,0,0,0,0,0,0,0,0,0,0,1,0,0,1,0,0,0,0,0
03BNAN33  ,1,1,1,0,0,0,1,0,1,0,1,0,0,0,0,0,0,0,2,1,1,2,1,1,0,0,0
03BNAP01  ,103,32,40,8,1,1,16,3,4,73,28,35,6,0,0,0,0,0,97,33,39,96,29,14,1,4,25
03BNAP02  ,103,43,44,3,1,0,9,2,8,86,40,36,5,0,0,0,0,0,98,42,45,95,36,23,3,6,22
03BNAP03  ,98,37,42,4,3,1,20,2,3,70,32,38,4,0,0,0,0,0,95,36,42,95,26,15,0,10,27
03BNAP04  ,118,31,56,8,0,0,25,3,5,76,28,48,9,0,2,0,0,1,108,32,53,107,28,21,1,4,32
03BNAP05  ,85,37,27,4,2,0,15,6,3,64,29,24,2,0,0,0,0,0,83,37,26,80,32,11,3,5,15
03BNAP06  ,86,23,40,6,0,0,11,0,0,61,23,39,5,0,0,3,0,1,78,24,40,77,16,13,1,8,27
03BNAP07  ,65,14,35,5,0,0,13,0,2,41,14,31,3,0,2,3,0,0,59,13,33,56,10,13,3,3,20
03BNAP08  ,97,41,36,6,2,0,14,3,5,72,36,30,5,0,1,0,0,0,92,41,35,91,36,15,1,5,20
03BNAP09  ,102,31,44,8,1,0,11,6,3,80,24,41,1,0,0,2,0,0,99,29,44,97,24,14,2,5,30
03BNAP10  ,75,19,27,4,0,0,12,1,1,56,18,26,3,0,0,0,0,0,72,21,27,70,19,12,2,2,15
03BNAP11  ,127,40,56,7,0,0,20,5,6,95,35,50,5,0,0,0,0,0,121,41,57,115,38,23,6,3,34
03BNAP12  ,107,39,43,6,3,0,17,5,9,80,31,34,3,0,0,1,0,0,104,38,42,101,32,23,3,6,19
03BNAP13  ,55,21,23,7,1,0,4,4,4,43,16,19,1,0,0,0,0,0,54,23,21,51,19,10,3,4,11
03BNAP14  ,94,30,43,1,0,1,24,3,4,68,27,38,0,0,0,1,0,0,93,28,45,89,22,22,4,6,23
03BNAP15  ,98,31,35,0,1,0,18,0,4,73,30,31,6,0,0,1,0,0,92,32,35,87,27,16,5,5,19
03BNAP16  ,114,34,52,3,2,0,24,5,7,85,27,45,1,0,0,1,0,0,111,33,52,109,26,20,2,7,32
03BNAP17  ,115,38,50,6,0,0,22,3,5,78,34,44,6,1,0,3,0,1,105,36,51,102,28,19,3,8,32
03BNAP18  ,56,23,27,2,1,0,5,2,3,46,19,24,3,1,0,0,0,0,54,23,25,51,17,8,3,6,17
03BNAP19  ,100,26,43,6,2,3,14,1,1,72,23,38,7,0,1,1,0,0,91,27,43,86,19,22,5,8,21
03BNAP20  ,85,31,49,4,0,0,11,1,6,64,30,43,4,0,0,2,0,0,80,30,48,79,23,21,1,7,27
03BNAP21  ,123,35,63,5,0,0,16,1,8,98,34,55,2,0,0,2,0,0,121,34,63,119,30,30,2,4,33
03BNAP22  ,9,5,4,0,0,0,2,2,0,7,3,4,0,0,0,0,0,0,7,6,4,6,4,2,1,2,2
03BNAP23  ,11,4,3,0,0,0,3,0,1,8,4,2,0,0,0,0,0,0,11,4,4,11,3,3,0,1,1
03BNAP24  ,70,22,34,3,1,0,10,2,2,56,19,32,0,0,0,1,0,0,68,22,33,67,18,15,1,4,18
03BNAP25  ,40,8,24,2,0,0,5,0,2,29,8,22,3,0,0,1,0,0,36,9,24,34,6,12,2,3,12
03BNAP26  ,106,39,39,8,6,0,20,5,1,69,28,38,7,0,0,2,0,0,97,37,39,96,32,17,1,5,22
03BNAP27  ,102,22,38,4,2,0,18,3,6,74,17,32,5,0,0,1,0,0,97,23,38,94,19,15,3,4,23
03BNAP28  ,138,49,57,5,3,0,25,4,5,98,42,50,8,0,0,2,0,2,127,48,55,124,42,21,3,6,34
03BNAP29  ,115,45,51,5,0,0,21,2,6,85,43,43,3,0,0,1,0,2,111,46,48,108,37,23,3,9,25
03BNAP30  ,181,22,94,6,0,0,54,4,25,108,18,69,11,0,0,2,0,0,168,21,95,168,19,46,0,2,49
03BNAP31  ,129,44,56,6,3,1,21,5,7,99,36,48,3,0,0,0,0,0,127,44,55,125,36,25,2,8,30
03BNAP32  ,117,41,49,5,2,0,15,4,4,89,35,43,6,0,0,2,0,2,108,41,48,104,34,20,4,7,28
03BNAP33  ,184,44,102,10,4,0,68,12,22,87,27,76,11,1,0,8,0,4,165,43,98,161,36,52,4,7,46
03BNAP34  ,202,29,112,7,2,0,86,5,19,75,22,86,12,0,3,22,0,4,168,29,105,165,25,59,3,4,46
03BNAP35  ,31,10,17,1,0,0,4,1,5,24,9,12,2,0,0,0,0,0,30,9,18,28,7,7,2,2,11
03BNAP36  ,162,44,77,3,2,0,42,7,12,105,35,63,10,0,0,2,0,2,149,45,74,147,38,34,2,7,40
03BNAQ01  ,95,57,44,5,1,0,21,9,5,48,45,35,9,2,2,12,0,2,73,56,41,68,45,24,5,11,17
03BNAQ02  ,152,41,62,7,0,0,43,8,7,63,31,47,19,2,6,20,0,2,114,39,54,103,34,23,11,5,31
03BNAQ03  ,158,35,78,8,0,0,36,5,12,78,26,53,20,2,5,16,2,8,121,31,65,117,22,23,4,9,42
03BNAQ04  ,103,33,45,2,0,0,22,12,10,58,19,29,12,0,4,9,2,2,82,31,39,79,25,22,3,6,17
03BNAQ05  ,93,54,30,2,1,0,22,7,8,52,42,20,9,4,0,8,0,2,76,50,28,74,42,16,2,8,12
03BNAQ06  ,134,27,66,8,1,0,43,4,6,53,21,52,18,0,5,12,1,3,105,25,58,97,24,26,8,1,32
03BNAQ07  ,159,32,80,8,2,0,47,6,14,92,22,66,6,2,0,6,0,0,146,31,80,146,27,37,0,4,43
03BNAQ08  ,130,19,81,5,0,0,35,3,11,80,16,69,6,0,0,4,0,1,119,20,79,116,15,35,3,5,44
03BNAQ09  ,132,24,69,7,1,0,24,5,9,91,18,58,10,0,2,0,0,0,123,23,68,115,19,32,8,4,36
03BNAQ10  ,131,39,73,4,1,2,27,6,8,88,31,63,6,1,0,6,0,0,119,37,73,115,31,36,4,6,37
03BNAQ11  ,77,17,40,2,0,2,19,3,9,49,14,28,4,0,0,3,0,1,70,18,39,69,14,19,1,4,20
03BNAQ12  ,103,45,40,5,6,0,27,6,5,59,33,34,9,0,1,3,0,0,92,45,39,90,40,19,2,5,20
03BNAQ13  ,119,44,49,6,2,1,30,7,7,76,33,40,7,2,1,0,0,0,111,42,48,106,41,25,5,1,23
03BNAQ14  ,103,33,39,8,2,1,19,4,6,69,27,28,6,0,4,1,0,0,95,34,35,95,31,20,0,3,15
03BNAQ15  ,101,36,41,8,7,0,19,2,7,68,26,34,6,1,0,0,0,0,96,34,41,92,26,19,4,8,22
03BNAQ16  ,101,28,53,2,1,0,20,3,4,71,22,45,6,1,2,2,1,2,93,26,49,92,24,25,1,2,24
03BNAQ17  ,143,33,67,11,0,0,29,4,7,81,28,60,12,0,0,10,1,0,121,32,67,119,28,31,2,4,36
03BNAQ18  ,77,16,41,3,0,0,12,0,9,56,15,29,5,0,2,1,1,1,70,17,38,70,11,20,0,6,18
03BNAQ19  ,44,18,17,0,0,0,10,3,1,27,13,14,5,1,0,2,1,2,38,15,15,37,15,10,1,0,5
03BNAQ20  ,52,19,28,3,0,0,14,5,2,30,13,25,4,1,1,1,0,0,47,18,28,45,13,12,2,5,16
03BNAQ21  ,56,18,14,4,0,0,14,6,2,31,10,11,6,2,0,1,0,1,49,17,12,48,17,9,1,0,3
03BNAQ22  ,116,46,37,12,7,2,13,7,5,68,31,29,17,1,1,6,0,0,93,47,35,93,45,20,0,2,15
03BNAQ23  ,69,28,15,3,1,0,16,5,2,41,20,10,7,0,1,2,2,2,60,24,12,59,22,9,1,2,3
03BNAQ24  ,79,37,36,6,0,0,12,1,4,48,36,32,9,0,0,4,0,0,65,39,35,64,30,23,1,9,12
03BNAQ25  ,107,34,59,8,2,1,25,5,5,60,25,50,9,2,2,5,0,1,94,30,57,93,29,22,1,1,35
03BNAQ26  ,37,19,19,1,0,0,6,4,1,25,14,18,4,1,0,1,0,0,32,18,19,32,17,10,0,1,9
03BNAQ27  ,81,27,39,4,4,0,15,7,7,47,16,25,12,0,4,3,0,3,66,27,32,66,24,12,0,3,20
03BNAQ28  ,153,56,66,12,6,0,30,12,10,92,36,55,13,2,1,6,0,0,133,53,66,129,48,27,4,5,39
03BNAQ29  ,77,28,38,1,2,0,15,5,4,59,20,34,2,1,0,0,0,0,76,28,37,74,24,12,2,4,25
03BNAQ30  ,96,26,46,7,1,1,17,5,5,68,20,37,4,0,3,0,0,0,93,27,43,90,24,15,3,3,28
03BNAQ31  ,127,26,66,7,1,0,19,5,4,90,20,59,7,0,1,4,0,2,115,25,63,114,22,28,1,3,35
03BNAQ32  ,111,35,47,5,0,0,16,7,3,87,27,44,3,1,0,0,0,0,108,33,48,103,22,14,5,11,34
03BNAQ33  ,96,33,39,4,5,0,14,2,9,64,26,30,10,0,0,4,0,0,82,34,38,81,30,23,1,4,15
03BNAQ35  ,39,120,4,9,51,0,13,36,3,17,33,1,0,0,0,0,0,0,40,119,4,40,119,4,0,0,0
03BNAR01  ,77,53,13,0,2,0,31,11,5,22,37,7,7,3,0,17,0,1,53,50,12,48,48,7,5,2,5
03BNAR02  ,98,54,27,2,2,0,29,9,6,37,40,16,16,1,3,14,2,2,68,51,22,67,46,15,1,5,7
03BNAR03  ,138,49,52,6,3,0,54,15,7,45,29,38,16,1,4,17,1,3,106,46,45,104,41,26,2,5,19
03BNAR04  ,102,35,30,2,2,0,42,5,7,49,27,19,4,1,3,5,0,1,92,35,26,89,31,17,3,4,9
03BNAR05  ,127,32,49,3,0,0,46,5,14,63,25,31,9,2,2,6,0,2,113,30,45,111,26,28,2,4,17
03BNAR06  ,90,45,45,2,1,1,42,15,10,34,29,32,10,0,2,2,0,0,77,45,43,75,41,26,2,4,17
03BNAR07  ,107,36,47,6,4,0,18,3,10,68,29,34,10,0,3,5,0,0,92,36,45,91,34,20,1,2,25
03BNAR08  ,129,33,60,5,2,0,38,4,14,67,27,43,13,0,3,6,0,0,110,33,56,106,33,28,4,0,28
03BNAR09  ,127,55,56,8,3,0,33,10,10,69,41,41,15,1,4,2,0,1,109,55,51,106,52,20,3,3,31
03BNAR10  ,148,52,67,10,1,0,37,11,9,83,40,56,14,0,1,4,0,1,131,51,65,130,43,33,1,8,32
03BNAR11  ,114,25,54,4,3,0,29,6,8,68,15,45,6,1,1,7,0,0,102,22,52,99,20,20,3,2,32
03BNAR12  ,113,33,50,4,0,0,40,13,12,53,19,37,12,1,1,4,0,0,96,33,50,95,29,28,1,4,22
03BNAR13  ,11,9,4,0,0,0,4,4,2,3,5,1,3,0,0,1,0,1,6,9,3,6,8,3,0,1,0
03BNAR14  ,95,17,37,5,0,0,43,6,8,15,9,24,7,2,2,25,0,3,63,15,32,59,14,18,4,1,14
03BNAR15  ,133,61,51,9,2,0,38,18,11,66,39,35,15,2,5,5,0,0,113,60,45,108,54,30,5,6,15
03BNAR16  ,113,26,50,2,2,0,45,5,9,47,17,39,11,0,1,8,2,1,94,23,49,91,18,22,3,5,27
03BNAR17  ,100,29,33,3,3,0,31,4,8,47,21,22,4,1,0,15,0,3,81,27,30,79,22,20,2,5,10
03BNAR18  ,83,24,28,2,0,0,27,7,9,46,17,15,4,0,3,4,0,1,75,25,24,74,20,15,1,5,9
03BNAR19  ,62,22,23,2,0,0,29,4,3,27,14,20,3,0,0,1,4,0,58,17,24,55,12,14,3,5,10
03BNAR20  ,46,29,21,1,0,0,19,7,2,18,20,17,5,2,0,3,0,2,38,28,18,35,22,7,3,6,11
03BNAR21  ,79,25,46,1,1,0,39,6,14,33,18,29,6,0,3,0,0,0,73,25,43,70,23,21,3,2,22
03BNAR22  ,78,34,33,4,0,0,21,10,9,47,24,24,3,0,0,3,0,0,72,34,34,68,30,18,4,4,16
03BNAR23  ,126,34,64,1,3,0,46,3,10,69,28,52,4,0,1,6,0,1,115,34,61,111,30,27,4,4,34
03BNAR24  ,126,35,58,10,2,0,37,8,10,58,24,43,14,0,4,7,1,1,106,34,54,101,30,20,5,4,34
03BNAR25  ,112,44,61,3,2,1,38,6,12,63,36,47,4,0,1,4,0,0,104,44,62,103,37,32,1,7,30
03BNAR26  ,81,33,44,1,0,0,39,14,12,25,17,28,8,1,3,8,1,1,65,32,38,63,31,18,2,1,20
03BNAR27  ,110,30,51,1,0,0,47,11,14,40,19,34,10,0,3,12,0,0,87,30,49,85,26,25,2,4,24
03BNAR28  ,106,21,71,2,0,0,52,7,17,28,12,42,11,2,6,13,0,6,83,19,58,80,17,33,3,2,25
03BNAR29  ,78,31,33,3,3,0,29,8,6,31,18,23,9,1,1,6,1,3,62,29,29,60,22,15,2,7,14
03BNAR30  ,133,36,64,7,1,1,37,5,13,70,28,49,10,1,1,9,1,0,115,34,63,111,27,32,4,7,31
03BNAR31  ,100,27,55,3,0,0,42,7,8,40,19,43,5,1,2,10,0,2,87,26,52,83,24,24,4,2,28
03BNAR32  ,94,28,49,3,0,0,39,5,10,42,21,37,7,2,1,3,0,1,82,26,46,81,21,27,1,5,19
03BNAR33  ,177,32,94,5,3,0,59,3,10,98,26,81,14,0,3,1,0,0,161,31,92,161,27,43,0,4,49
03BNAR34  ,172,44,84,5,2,0,72,9,15,77,33,68,8,0,1,10,0,0,155,45,82,149,39,40,6,6,42
03BNAR35  ,154,51,82,4,2,1,56,7,9,76,42,64,9,0,3,9,0,5,134,52,74,129,46,26,5,6,48
03BNAR36  ,3,0,2,0,0,0,1,0,0,2,0,2,0,0,0,0,0,0,5,0,2,5,0,2,0,0,0
03BNAR37  ,5,3,1,0,0,0,2,3,0,3,0,1,0,0,0,0,0,0,4,3,1,4,3,1,0,0,0
03BNAS01  ,117,34,47,9,0,0,22,2,3,75,32,40,10,0,4,1,0,0,105,35,43,102,30,17,3,5,26
03BNAS02  ,39,13,9,2,1,0,5,0,3,24,12,6,7,0,0,1,0,0,32,13,9,29,11,6,3,2,3
03BNAS03  ,13,2,9,0,0,0,3,0,0,8,2,7,0,0,0,2,0,2,10,2,6,10,1,0,0,1,6
03BNAS04  ,59,29,30,2,2,0,6,3,1,49,24,29,2,0,0,0,0,0,57,28,31,55,24,14,2,4,17
03BNAS05  ,53,13,37,1,0,0,10,3,5,42,10,32,0,0,0,0,0,0,53,14,36,48,9,19,5,5,17
03BNAS06  ,89,27,42,4,0,0,9,2,3,75,24,39,1,1,0,0,0,0,89,26,42,86,18,13,3,8,29
03BNAS07  ,75,24,33,0,2,0,9,1,4,62,20,29,4,1,0,0,0,0,70,22,33,66,17,18,4,5,15
03BNAS08  ,107,19,55,5,0,0,19,1,8,80,18,47,3,0,0,0,0,0,105,20,53,102,16,21,3,4,32
03BNAS09  ,111,23,63,4,1,0,16,4,3,81,18,57,6,0,1,4,0,2,100,22,62,95,18,26,5,4,36
03BNAS10  ,63,15,20,2,0,0,6,1,4,52,14,15,2,0,1,1,0,0,61,15,17,59,11,9,2,4,8
03BNAS11  ,77,27,32,1,1,0,15,2,4,50,22,24,4,2,3,7,0,1,65,25,30,63,20,15,2,5,15
03BNAS12  ,106,20,51,2,1,0,19,3,5,77,16,44,4,0,1,4,0,1,97,21,48,88,17,24,9,4,24
03BNAS13  ,148,28,64,15,2,0,28,3,3,92,23,55,9,0,4,4,0,2,136,27,59,129,25,27,7,2,32
03BNAS14  ,84,19,41,4,2,1,14,0,3,65,17,37,1,0,0,0,0,0,83,19,40,80,16,17,3,3,23
03BNAS15  ,107,20,44,8,0,0,12,2,4,77,18,38,8,0,1,2,0,1,97,21,43,95,14,17,2,7,26
03BNAS16  ,76,18,26,3,0,0,15,0,2,50,17,23,7,1,1,1,0,0,70,18,25,68,13,10,2,5,15
03BNAS17  ,111,18,50,7,0,1,14,5,4,79,13,44,7,0,0,4,0,1,98,17,49,96,13,24,2,4,25
03BNAS18  ,98,19,45,7,2,0,12,3,4,68,13,36,9,1,2,2,0,3,86,19,40,81,14,25,5,5,15
03BNAS19  ,93,25,44,5,3,2,19,1,2,62,20,38,4,1,2,3,0,0,87,23,41,86,16,17,1,7,24
03BNAS20  ,67,17,28,1,0,2,4,0,6,58,16,20,4,1,0,0,0,0,63,16,28,61,12,14,2,4,14
03BNAS21  ,113,21,51,2,1,0,21,2,3,86,17,48,4,1,0,0,0,0,109,20,51,107,18,22,2,2,29
03BNAS22  ,182,36,90,11,2,0,45,2,5,106,31,80,12,1,5,8,0,0,159,35,86,158,26,32,1,9,54
03BNAS23  ,122,20,52,3,1,0,22,1,8,87,18,44,6,0,0,4,0,0,115,20,51,108,19,31,7,1,20
03BNAS24  ,116,21,44,4,2,0,15,0,2,90,19,39,5,0,3,2,0,0,108,20,41,104,14,15,4,6,26
03BNAS25  ,91,29,46,8,1,0,9,2,4,72,23,40,1,2,1,1,1,1,90,27,44,86,21,17,4,6,27
03BNAS26  ,112,39,51,5,4,0,17,5,2,80,30,46,9,0,3,1,0,0,102,38,49,101,33,25,1,5,24
03BNAS27  ,112,20,51,12,0,1,15,3,3,71,17,47,8,0,0,6,0,0,98,21,50,94,18,25,4,3,25
03BNAS28  ,116,22,59,5,1,0,27,1,9,74,20,45,6,0,4,4,0,1,107,21,54,104,20,24,3,1,30
03BNAT01  ,104,18,48,0,0,0,22,1,4,81,17,44,1,0,0,0,0,0,102,18,49,99,11,25,3,7,24
03BNAT02  ,124,35,48,12,2,0,16,0,5,94,33,43,2,0,0,0,0,0,122,35,49,119,30,15,3,5,34
03BNAT03  ,120,31,51,2,2,0,15,3,7,95,26,44,8,0,0,0,0,0,112,31,50,103,27,25,9,4,25
03BNAT04  ,134,37,59,8,0,0,21,8,6,89,29,50,10,0,3,6,0,0,117,38,57,115,36,28,2,2,29
03BNAT05  ,120,27,53,4,1,0,13,6,8,87,19,41,11,1,3,5,0,1,105,25,48,100,21,21,5,4,27
03BNAT06  ,57,23,31,1,2,0,10,2,1,39,19,27,6,0,1,1,0,2,50,22,28,50,16,12,0,6,16
03BNAT07  ,63,14,26,3,1,0,12,1,4,47,12,21,0,0,1,1,0,0,62,15,25,60,15,13,2,0,12
03BNAT08  ,97,21,38,5,0,0,9,5,3,69,12,31,9,4,2,5,0,2,82,18,34,80,15,15,2,3,19
03BNAT09  ,81,11,40,5,1,0,19,2,4,51,7,36,5,1,0,1,0,0,76,9,40,74,7,15,2,2,25
03BNAT10  ,112,24,57,6,3,2,40,3,13,52,17,39,7,1,3,7,0,0,98,25,53,93,23,25,5,2,28
03BNAT11  ,37,5,15,1,0,0,10,3,2,20,2,12,6,0,1,0,0,0,31,3,14,29,3,7,2,0,7
03BNAT12  ,118,44,43,4,0,0,33,9,9,72,30,33,5,3,0,4,2,1,109,38,43,106,37,29,3,1,14
03BNAT13  ,129,40,55,19,3,0,11,4,2,96,33,53,3,0,0,0,0,0,126,40,54,125,37,20,1,3,34
03BNAT14  ,115,43,51,8,1,0,24,6,6,78,36,42,4,0,3,1,0,0,109,44,48,102,35,22,7,9,26
03BNAT15  ,107,36,39,7,3,0,7,2,4,84,31,33,5,0,0,4,0,2,99,35,37,94,29,15,5,6,22
03BNAT16  ,79,18,36,8,0,0,13,1,1,57,16,35,0,0,0,1,1,0,79,17,35,75,15,14,4,2,21
03BNAT17  ,78,23,40,1,0,0,19,4,4,54,18,33,4,1,2,0,0,1,73,22,38,71,18,21,2,4,17
03BNAT18  ,118,35,44,13,3,1,17,3,4,80,28,36,6,1,2,2,0,1,111,33,42,108,26,19,3,7,23
03BNAT19  ,129,48,59,5,4,0,38,10,6,77,33,51,9,1,2,0,0,0,119,48,56,117,39,26,2,9,30
03BNAT20  ,104,37,46,10,3,0,21,10,10,61,23,36,10,1,0,2,0,0,92,36,46,91,30,27,1,6,19
03BNAT21  ,114,43,48,9,3,0,10,3,2,90,35,44,5,0,2,0,2,0,109,41,46,106,34,20,3,7,26
03BNAT22  ,120,52,53,6,3,0,22,5,2,84,44,51,7,0,0,1,0,0,112,52,53,111,48,23,1,4,30
03BNAT23  ,84,22,43,5,0,0,19,0,3,58,20,39,2,2,1,0,0,0,82,20,42,80,16,15,2,4,27
03BNAT24  ,71,30,23,5,1,0,11,4,0,50,25,23,3,0,0,2,0,0,66,30,24,65,27,13,1,3,11
03BNAT25  ,79,25,28,6,1,0,6,2,1,63,22,27,4,0,0,0,0,0,75,25,28,73,19,6,2,6,22
03BNAT26  ,98,40,34,4,6,0,8,3,1,79,31,33,7,0,0,0,0,0,92,41,33,91,38,12,1,3,21
03BNAU01  ,122,38,66,9,0,2,12,5,12,95,33,52,3,0,0,3,0,0,116,39,64,113,31,25,3,8,39
03BNAU02  ,102,33,44,4,0,0,17,6,3,74,25,40,5,1,1,2,1,0,95,30,45,92,24,19,3,6,26
03BNAU03  ,107,33,45,3,0,0,20,2,3,78,30,39,4,1,1,2,0,2,99,32,43,93,22,18,6,10,25
03BNAU04  ,97,37,53,3,1,0,22,4,9,59,29,41,7,3,1,6,0,2,86,34,49,83,24,17,3,10,32
03BNAU05  ,117,36,57,1,2,0,14,3,3,97,31,54,1,0,0,4,0,0,112,37,57,108,27,21,4,10,36
03BNAU06  ,105,24,49,4,2,0,16,1,4,80,19,41,4,2,4,1,0,0,100,21,45,97,17,16,3,4,29
03BNAU07  ,107,39,40,5,2,1,15,1,5,83,36,34,4,0,0,0,0,0,102,40,40,96,32,23,6,8,17
03BNAU08  ,95,33,41,4,0,0,14,6,5,71,27,36,5,0,0,1,0,0,90,32,41,88,25,18,2,7,23
03BNAU09  ,87,36,30,2,2,0,9,4,1,73,30,27,1,0,1,2,0,1,85,34,30,78,25,14,7,9,16
03BNAU10  ,50,14,23,2,0,0,4,0,4,41,14,19,3,0,0,0,0,0,46,15,21,43,9,15,3,6,6
03BNAU11  ,74,33,24,5,1,0,8,3,3,56,28,21,4,1,0,1,0,0,68,33,24,67,23,17,1,10,7
03BNAU12  ,66,19,27,4,0,0,16,1,6,40,18,21,5,0,0,1,0,0,60,18,27,60,11,14,0,7,13
03BNAU13  ,60,19,19,2,0,0,8,1,2,49,18,17,1,0,0,0,0,0,58,19,21,58,16,15,0,3,6
03BNAU14  ,105,29,41,5,1,0,12,3,1,81,25,39,5,0,1,2,0,0,100,29,38,97,25,8,3,4,30
03BNAU15  ,95,36,38,5,3,1,9,3,3,76,30,33,4,0,0,1,0,1,90,35,38,89,27,18,1,8,20
03BNAU16  ,103,22,44,10,0,1,10,2,5,78,20,38,3,0,0,2,0,0,98,23,43,96,17,16,2,6,27
03BNAU17  ,72,27,32,4,2,1,12,1,0,53,24,31,3,0,0,0,0,0,68,28,32,62,26,12,6,2,20
03BNAU18  ,56,20,19,2,0,0,4,1,2,47,19,17,3,0,0,0,0,0,54,19,19,53,14,8,1,5,11
03BNAU19  ,98,22,53,2,0,0,10,2,6,80,20,42,6,0,3,0,0,2,91,23,46,91,15,24,0,8,22
03BNAU20  ,81,14,38,3,0,0,10,1,6,65,13,31,1,0,1,2,0,0,79,13,39,78,10,18,1,3,21
03BNAU21  ,15,20,3,3,3,0,5,9,2,7,8,1,0,0,0,0,0,0,16,19,5,16,19,5,0,0,0
03BNAW01  ,43,12,16,1,0,0,7,0,4,33,12,12,1,0,0,1,0,0,41,12,14,39,10,5,2,2,9
03BNAW02  ,70,22,15,5,1,0,8,2,4,57,19,11,0,0,0,0,0,0,71,22,15,68,22,9,3,0,6
03BNAW03  ,51,42,17,3,0,1,10,5,3,36,37,13,1,0,0,1,0,0,48,42,17,48,34,11,0,8,6
03BNAW04  ,68,29,29,5,1,3,9,1,1,46,26,25,7,1,0,1,0,0,61,27,29,57,22,15,4,5,14
03BNAW05  ,81,28,25,4,2,0,12,3,3,62,23,22,1,0,0,2,0,0,77,29,24,76,16,11,1,13,13
03BNAW06  ,105,41,47,7,2,0,14,6,6,78,33,41,4,0,0,2,0,0,98,41,47,93,31,27,5,10,20
03BNAW07  ,71,30,25,0,1,0,14,3,4,53,26,21,3,0,0,1,0,0,68,30,25,65,21,11,3,9,14
03BNAW08  ,70,23,20,4,5,0,7,0,0,57,18,20,2,0,0,0,0,0,69,21,22,66,16,5,3,5,17
03BNAW09  ,71,29,21,1,1,0,10,2,2,56,26,19,4,0,0,0,0,0,66,31,19,62,21,8,4,10,11
03BNAW10  ,115,58,42,9,2,0,18,0,2,83,54,38,4,2,0,1,0,2,109,56,41,105,32,24,4,24,17
03BNAW11  ,91,25,20,9,3,0,9,0,0,68,21,20,5,1,0,0,0,0,87,24,20,82,19,14,5,5,6
03BNAW12  ,88,27,18,6,0,0,16,2,1,63,24,17,3,1,0,0,0,0,84,27,18,81,22,10,3,5,8
03BNAW13  ,80,31,11,6,1,0,12,2,1,59,28,9,0,0,0,3,0,1,78,30,10,74,28,8,4,2,2
03BNAW14  ,68,19,21,9,1,0,6,2,1,50,15,19,3,1,1,0,0,0,66,19,18,60,16,10,6,3,8
03BNAW15  ,57,14,21,5,0,1,5,0,2,40,13,18,6,1,0,1,0,0,49,13,23,47,8,10,2,5,13
03BNAW16  ,61,29,21,4,0,0,10,6,0,46,23,21,1,0,0,0,0,0,61,27,22,60,22,13,1,5,9
03BNAW17  ,62,18,15,1,0,0,7,1,3,53,17,12,1,0,0,0,0,0,60,20,14,59,15,12,1,5,2
03BNAW18  ,104,34,35,8,2,0,25,2,3,63,30,32,8,0,0,0,0,0,96,35,34,94,27,18,2,8,16
03BNAW19  ,98,34,47,10,2,1,8,4,4,75,28,39,4,0,3,1,0,0,93,33,45,92,26,15,1,7,30
03BNAW20  ,52,28,19,6,0,0,8,0,3,37,28,16,0,0,0,1,0,0,51,28,19,51,21,12,0,7,7
03BNAW21  ,84,40,24,5,4,2,14,2,1,60,34,21,4,0,0,1,0,0,78,40,24,74,31,14,4,9,10
03BNAW22  ,22,3,3,2,0,0,6,0,2,4,3,1,9,0,0,1,0,0,12,2,3,12,2,2,0,0,1
03BNAW23  ,53,18,16,2,0,1,13,7,4,31,10,11,4,1,0,3,0,0,46,18,16,42,16,10,4,2,6
03BNAW24  ,0,4,0,0,0,0,0,3,0,0,1,0,0,0,0,0,0,0,0,3,0,0,3,0,0,0,0
03BNAW25  ,0,0,0,0,0,0,0,0,0,0,0,0,0,0,0,0,0,0,0,0,0,0,0,0,0,0,0
03BNAW26  ,2,0,0,0,0,0,0,0,0,2,0,0,0,0,0,0,0,0,2,0,0,2,0,0,0,0,0
03BNAW27  ,0,0,0,0,0,0,0,0,0,0,0,0,0,0,0,0,0,0,0,0,0,0,0,0,0,0,0
03BNAW28  ,1,2,0,0,0,0,0,2,0,1,0,0,0,0,0,0,0,0,1,2,0,1,2,0,0,0,0
03BNAX01  ,91,19,40,4,0,1,26,2,2,56,17,35,5,0,2,0,0,0,85,19,37,83,15,15,2,4,22
03BNAX02  ,59,13,23,2,0,0,14,1,2,38,12,21,3,0,0,2,0,0,54,14,23,50,10,13,4,4,10
03BNAX03  ,99,18,47,3,0,0,16,2,3,79,16,44,1,0,0,0,0,0,98,17,47,93,14,22,5,3,25
03BNAX04  ,120,20,59,8,0,0,24,2,9,75,17,49,10,1,0,3,0,1,107,18,57,105,13,26,2,5,31
03BNAX05  ,110,24,48,4,3,0,19,2,1,74,18,47,10,1,0,3,0,0,97,23,49,94,19,19,3,4,30
03BNAX06  ,103,57,44,3,0,0,28,19,11,57,36,32,11,0,1,4,2,0,88,54,42,87,51,29,1,3,13
03BNAX07  ,79,22,29,4,1,0,9,3,2,53,16,27,10,2,0,3,0,0,66,21,30,66,17,11,0,4,19
03BNAX08  ,96,26,48,2,1,0,19,1,3,69,24,42,6,0,2,0,0,1,88,26,45,84,22,22,4,4,23
03BNAX09  ,113,43,49,3,3,0,23,4,7,75,35,36,10,0,5,2,1,1,103,42,43,101,33,24,2,9,19
03BNAX10  ,88,19,38,9,2,0,16,1,4,58,14,32,3,2,2,2,0,0,83,16,36,79,12,25,4,4,11
03BNAX11  ,113,44,60,7,2,0,18,3,8,75,38,48,12,1,3,1,0,1,100,44,56,97,33,21,3,11,35
03BNAX12  ,125,28,55,1,0,1,19,6,4,96,22,49,6,0,1,3,0,0,116,28,54,112,19,21,4,9,33
03BNAX13  ,87,24,48,0,0,0,19,3,6,56,21,40,8,0,1,4,0,1,75,25,46,74,19,22,1,6,24
03BNAX14  ,58,26,25,0,0,0,9,7,3,42,16,22,4,3,0,3,0,0,51,23,25,49,20,12,2,3,13
03BNAX15  ,124,30,62,6,4,0,28,5,10,78,21,48,9,0,4,3,0,0,112,30,58,112,26,26,0,4,32
03BNAX16  ,62,25,26,5,1,0,13,5,4,37,19,22,6,0,0,1,0,0,56,25,25,55,23,14,1,2,11
03BNAX17  ,117,30,39,2,1,0,24,2,6,83,27,32,6,0,1,2,0,0,108,30,39,103,27,21,5,3,18
03BNAX18  ,121,44,52,3,1,1,20,6,4,81,35,45,15,2,2,2,0,0,104,43,49,101,34,28,3,9,21
03BNAX19  ,65,34,9,1,1,0,15,1,2,40,31,6,7,1,1,2,0,0,56,33,10,54,33,6,2,0,4
03BNAX20  ,111,28,46,4,2,0,16,4,6,65,20,34,14,2,3,12,0,3,84,27,41,81,22,22,3,5,19
03BNAX21  ,97,27,39,5,3,0,18,1,3,61,21,36,11,2,0,2,0,0,85,24,38,84,20,19,1,4,19
03BNAX22  ,101,29,48,3,0,1,17,5,5,73,24,39,7,0,3,1,0,0,94,30,45,93,21,24,1,9,21
03BNAX23  ,128,28,59,9,3,0,22,1,1,82,22,50,11,2,8,4,0,0,112,25,51,107,23,19,5,2,32
03BNAX24  ,74,22,29,2,0,0,15,4,4,55,18,25,2,0,0,0,0,0,71,24,28,69,20,11,2,4,17
03BNAX25  ,104,24,18,7,1,0,12,7,2,71,16,16,12,0,0,2,0,0,91,22,19,89,19,14,2,3,5
03BNAX26  ,75,23,34,4,0,0,16,1,1,46,22,32,8,0,1,1,0,0,65,25,33,65,23,8,0,2,25
03BNAX27  ,102,25,42,5,0,0,19,2,6,69,23,36,9,0,0,0,0,0,94,23,42,91,20,24,3,3,18
03BNAX28  ,115,26,44,1,4,0,27,5,12,73,13,30,8,2,1,6,2,1,100,22,43,95,17,27,5,5,16
03BNAX29  ,126,35,44,6,2,1,33,14,7,76,19,35,7,0,1,4,0,0,116,35,42,113,31,24,3,4,18
03BNAX30  ,141,46,57,7,3,0,26,11,9,94,31,45,13,0,2,1,1,1,128,43,55,124,35,26,4,8,29
03BNAX31  ,91,23,38,2,0,0,20,3,4,63,19,34,5,1,0,1,0,0,84,24,37,82,21,14,2,3,23
03BNAX32  ,76,23,36,4,0,0,12,5,3,53,18,31,5,0,1,2,0,1,69,23,33,65,18,15,4,5,18
03BNAX33  ,85,26,36,3,1,1,11,2,5,56,23,24,10,0,4,5,0,2,70,26,31,69,23,16,1,3,15
03BNAX34  ,97,28,36,2,1,1,20,2,3,70,24,30,5,0,2,0,1,0,93,27,32,89,24,19,4,3,13
03BNAX35  ,106,18,44,1,0,0,23,1,2,70,15,40,9,2,0,3,0,2,93,16,44,93,14,17,0,2,27
03BNAX36  ,90,34,42,2,3,0,10,4,3,70,27,38,5,0,1,3,0,0,83,33,42,78,25,19,5,8,23
03BNAX37  ,111,36,44,4,2,0,24,3,5,71,31,36,7,0,3,5,0,0,98,37,40,96,26,12,2,11,28
03BNAX38  ,159,37,84,3,5,1,46,5,19,89,23,64,10,3,0,11,1,0,139,33,85,135,32,46,4,1,39
03BNAY01  ,101,16,41,5,1,0,23,4,3,67,10,37,6,1,1,0,0,0,93,15,41,90,11,23,3,4,18
03BNAY02  ,98,32,44,9,1,0,24,3,7,60,28,37,4,0,0,1,0,0,95,32,43,95,26,14,0,6,29
03BNAY03  ,74,21,34,3,0,0,16,5,3,51,16,30,4,0,1,0,0,0,70,20,32,68,15,15,2,5,17
03BNAY04  ,159,46,67,11,2,0,27,5,9,94,39,58,22,0,0,5,0,0,132,47,68,130,42,33,2,5,35
03BNAY05  ,93,25,37,8,0,0,18,4,5,56,21,31,8,0,1,3,0,0,82,24,36,79,19,15,3,5,21
03BNAY06  ,130,34,64,8,0,1,26,3,5,80,30,54,14,1,4,2,0,0,114,34,60,113,31,27,1,3,33
03BNAY07  ,129,39,58,9,2,0,19,4,8,90,30,47,10,2,2,1,1,1,118,36,55,116,28,21,2,8,34
03BNAY08  ,123,30,48,4,0,0,23,3,5,91,26,40,4,0,3,1,1,0,118,29,45,115,24,24,3,5,21
03BNAY09  ,74,22,36,1,0,0,10,3,3,53,19,31,9,0,2,1,0,0,62,22,36,62,16,11,0,6,25
03BNAY10  ,82,26,30,3,0,0,9,2,5,57,23,22,11,0,2,2,1,1,70,25,25,70,16,9,0,9,16
03BNAY11  ,121,32,63,2,1,0,19,3,6,91,28,54,4,0,3,5,0,0,113,32,60,111,30,29,2,2,31
03BNAY12  ,113,21,47,3,1,0,31,3,5,69,17,40,9,0,2,1,0,0,102,21,45,102,18,16,0,3,29
03BNAY13  ,94,27,38,9,0,0,12,6,1,62,20,29,8,1,7,3,0,1,83,24,31,77,19,16,6,5,15
03BNAY14  ,124,18,58,6,0,0,27,4,2,85,12,55,4,2,0,2,0,1,118,18,56,116,13,30,2,5,26
03BNAY15  ,102,30,53,3,0,0,20,3,5,72,27,47,5,0,1,2,0,0,94,30,53,92,26,24,2,4,29
03BNAY16  ,141,32,68,9,1,0,24,3,9,102,25,55,6,3,2,0,0,2,136,30,63,133,25,27,3,5,36
03BNAY17  ,111,32,58,3,4,0,24,4,12,78,23,46,2,0,0,4,1,0,105,30,58,104,27,26,1,3,32
03BNAY18  ,90,19,49,9,0,0,23,1,4,53,18,43,4,0,2,1,0,0,85,20,47,85,17,19,0,3,28
03BNAY19  ,138,32,64,5,1,1,24,3,5,97,28,56,10,0,2,2,0,0,126,31,62,126,24,30,0,7,32
03BNAY20  ,97,18,43,2,1,0,15,1,2,70,16,36,9,0,4,1,0,1,87,19,38,85,16,21,2,3,17
03BNAY21  ,101,20,45,5,0,0,15,1,6,75,19,37,4,0,1,2,0,1,96,20,43,93,16,20,3,4,23
03BNAY22  ,87,26,51,6,2,0,14,0,6,62,23,43,3,1,2,2,0,0,82,24,49,82,17,21,0,7,28
03BNAY23  ,104,30,50,5,1,0,18,1,3,74,26,47,7,2,0,0,0,0,97,28,50,95,25,19,2,3,31
03BNAY24  ,74,30,32,1,1,0,12,2,1,58,27,31,3,0,0,0,0,0,71,30,32,68,24,13,3,6,19
03BNAY25  ,88,39,41,7,2,1,20,3,3,54,34,35,5,0,0,2,0,2,80,40,38,78,27,18,2,13,20
03BNAY26  ,65,15,32,1,0,0,9,2,2,50,13,28,5,0,2,0,0,0,61,14,31,59,11,16,2,3,15
03BNAY27  ,114,34,60,8,1,0,17,3,7,85,30,52,4,0,1,0,0,0,112,35,58,109,30,23,3,5,35
03BNAY28  ,47,11,22,3,0,0,9,3,4,30,8,17,4,0,1,1,0,0,40,10,22,39,9,8,1,1,14
03BNAY29  ,106,31,37,3,1,0,8,4,3,84,26,33,7,0,1,4,0,0,96,32,36,94,26,20,2,6,16
03BNAY30  ,123,30,52,11,3,0,16,2,7,90,25,44,6,0,1,0,0,0,116,29,51,114,27,17,2,2,34
03BNAY31  ,77,12,34,2,0,0,13,0,4,57,12,29,3,0,0,2,0,1,72,12,34,70,8,21,2,4,13
03BNAZ01  ,96,33,54,4,1,0,11,1,4,76,29,46,5,2,4,0,0,0,91,31,49,88,23,20,3,8,29
03BNAZ02  ,109,25,51,10,4,0,15,5,4,74,16,46,9,0,1,1,0,0,99,25,51,96,22,25,3,3,26
03BNAZ03  ,51,19,16,2,0,0,1,1,0,46,17,15,2,1,1,0,0,0,49,19,16,48,13,6,1,6,10
03BNAZ04  ,93,28,35,6,0,1,13,4,2,67,24,32,7,0,0,0,0,0,86,27,34,83,23,21,3,4,13
03BNAZ05  ,69,43,26,7,0,0,7,5,0,52,38,23,3,0,3,0,0,0,66,43,23,66,26,9,0,17,14
03BNAZ06  ,79,23,31,6,2,0,18,1,2,52,20,28,3,0,1,0,0,0,76,23,30,73,18,15,3,5,15
03BNAZ07  ,141,46,56,5,3,0,16,9,2,107,32,52,10,0,1,3,2,1,126,45,55,125,35,29,1,10,26
03BNAZ08  ,79,31,31,5,1,0,17,1,0,50,28,30,7,1,1,0,0,0,74,29,30,69,22,17,5,7,13
03BNAZ09  ,74,22,37,3,0,0,14,2,3,48,20,30,9,0,4,0,0,0,65,22,34,64,14,17,1,8,17
03BNAZ10  ,69,29,22,3,3,0,1,2,4,51,23,14,9,0,2,5,1,2,55,28,17,55,21,9,0,7,8
03BNAZ11  ,59,19,26,3,0,0,12,2,1,41,15,21,3,2,4,0,0,0,59,17,22,57,10,6,2,7,16
03BNAZ12  ,74,19,31,4,0,0,11,4,6,52,15,25,7,0,0,0,0,0,64,20,31,64,17,13,0,3,18
03BNAZ13  ,86,34,43,8,2,0,15,4,2,48,26,37,12,2,4,3,0,0,73,31,40,71,26,12,2,5,28
03BNAZ14  ,94,17,39,4,0,0,18,2,3,64,15,36,7,0,0,1,0,0,84,17,38,81,13,20,3,4,18
03BNAZ15  ,108,31,59,6,3,0,22,3,7,73,25,50,3,0,0,4,0,2,101,31,58,99,30,26,2,1,32
03BNAZ16  ,93,23,48,5,1,1,16,6,4,59,16,42,13,0,0,0,0,1,80,23,46,77,19,14,3,4,32
03BNAZ17  ,104,32,48,7,2,0,21,3,4,75,27,44,1,0,0,0,0,0,103,32,47,100,26,18,3,6,29
03BNAZ18  ,86,33,39,4,1,1,15,2,4,62,30,34,5,0,0,0,0,0,81,33,40,79,28,10,2,5,30
03BNAZ19  ,125,56,39,13,0,0,19,5,4,90,51,33,1,0,2,2,0,0,122,57,38,120,48,21,2,9,17
03BNAZ20  ,121,55,62,5,4,0,17,3,10,93,48,52,6,0,0,0,0,0,115,54,61,109,45,21,6,9,40
03BNAZ21  ,102,27,44,3,3,0,23,2,2,72,22,42,4,0,0,0,0,0,97,28,44,91,21,25,6,7,19
03BNAZ22  ,115,29,71,1,1,0,26,3,11,77,25,56,7,0,3,4,0,1,105,28,67,103,28,31,2,0,36
03BNAZ23  ,78,22,42,3,4,0,18,3,4,52,15,36,5,0,2,0,0,0,72,22,40,67,17,18,5,5,22
03BNAZ24  ,125,49,55,9,1,0,20,3,5,91,45,50,5,0,0,0,0,0,121,49,55,118,45,15,3,4,40
03BNAZ25  ,83,27,29,7,0,0,13,4,9,50,21,16,12,2,2,1,0,2,70,25,25,66,20,16,4,5,9
03BNAZ26  ,98,51,35,4,1,0,20,7,4,72,43,31,2,0,0,0,0,0,96,51,35,92,35,8,4,16,27
03BNAZ27  ,80,26,34,4,1,0,14,2,1,57,23,33,4,0,0,1,0,0,74,26,35,74,17,14,0,9,21
03BNAZ28  ,52,23,22,1,1,0,11,5,2,40,17,20,0,0,0,0,0,0,53,23,21,51,17,9,2,6,12
03BNAZ29  ,104,58,50,3,5,0,13,4,2,82,49,47,3,0,1,3,0,0,98,61,49,94,55,17,4,6,32
03BNAZ30  ,102,49,37,6,2,0,9,5,5,84,42,32,3,0,0,0,0,0,99,46,37,97,42,14,2,4,23
03BNAZ31  ,166,53,82,6,1,0,26,4,8,127,48,72,6,0,2,1,0,0,159,54,79,155,41,31,4,13,48
03BNAZ32  ,126,65,39,10,4,0,11,4,2,94,57,37,6,0,0,5,0,0,115,64,40,110,55,11,5,9,29
03BNAZ33  ,88,39,42,6,0,0,8,1,4,72,35,38,1,3,0,1,0,0,86,37,41,82,27,14,4,10,27
03BNAZ34  ,66,27,33,5,1,0,9,2,6,45,22,26,5,2,0,2,0,1,59,24,33,57,16,12,2,8,21
03BNBA01  ,69,29,33,0,1,0,9,3,5,53,24,27,5,0,0,2,1,1,62,29,32,61,21,13,1,8,19
03BNBA02  ,76,27,36,4,0,0,9,4,2,59,22,32,2,1,0,2,0,2,74,27,33,68,20,20,6,7,13
03BNBA03  ,77,28,36,3,0,0,15,5,3,54,23,30,5,0,3,0,0,0,70,27,34,68,17,13,2,10,21
03BNBA04  ,97,42,21,3,0,0,15,8,4,75,33,16,4,1,1,0,0,0,94,40,22,88,37,15,6,3,7
03BNBA05  ,91,37,32,11,1,2,19,7,3,57,29,27,4,0,0,0,0,0,86,38,30,84,33,18,2,5,12
03BNBA06  ,70,17,35,3,0,1,18,0,6,41,15,28,6,2,0,2,0,0,62,16,34,62,13,15,0,3,19
03BNBA07  ,77,17,37,1,0,0,14,3,4,59,14,32,2,0,1,1,0,0,74,17,37,71,13,18,3,4,19
03BNBA08  ,73,29,36,5,2,0,11,3,3,52,24,32,4,0,0,1,0,1,68,29,34,66,26,16,2,3,18
03BNBA09  ,74,24,22,1,0,0,13,2,2,54,21,20,3,1,0,3,0,0,68,23,23,67,15,8,1,8,15
03BNBA10  ,55,36,17,3,2,0,16,4,6,29,29,11,6,1,0,1,0,0,47,35,18,46,31,13,1,4,5
03BNBA11  ,82,28,22,4,1,0,13,6,5,54,21,14,4,0,2,7,0,1,72,28,18,70,25,9,2,3,9
03BNBA12  ,103,51,32,2,0,0,21,7,6,63,44,25,10,0,1,7,0,0,85,52,31,80,46,18,5,6,13
03BNBA13  ,86,27,20,5,3,1,4,4,1,55,19,15,13,1,0,9,0,3,65,25,17,64,21,11,1,4,6
03BNBA14  ,105,27,50,3,0,0,28,0,4,59,25,43,10,1,1,5,1,2,91,25,45,89,20,18,2,5,27
03BNBA15  ,107,31,39,9,7,0,12,5,3,76,19,35,9,0,1,1,0,0,96,30,40,92,24,12,4,6,28
03BNBA16  ,102,36,30,6,4,2,12,7,2,73,25,24,9,0,1,2,0,1,90,37,27,89,30,10,1,7,17
03BNBA17  ,72,17,24,6,0,0,16,2,3,41,15,19,8,0,2,1,0,0,64,16,23,62,12,11,2,4,12
03BNBA18  ,151,36,42,11,4,0,16,6,3,101,25,38,18,0,1,5,1,0,129,35,41,125,26,19,4,9,22
03BNBA19  ,97,20,35,6,0,1,15,0,2,63,20,32,7,0,0,6,0,0,83,20,35,82,14,21,1,6,14
03BNBA20  ,104,25,51,1,3,0,14,3,9,77,19,39,10,0,2,2,0,1,93,23,48,91,19,20,2,4,28
03BNBA21  ,59,25,16,3,0,0,8,1,1,44,23,15,3,1,0,1,0,0,54,26,16,52,16,9,2,10,7
03BNBA22  ,96,31,44,3,1,0,12,3,3,74,27,39,5,0,1,2,0,1,89,32,41,87,26,18,2,6,23
03BNBA23  ,95,27,29,4,0,1,10,5,4,76,21,23,5,0,1,0,1,0,90,25,29,87,24,16,3,1,13
03BNBA24  ,92,31,51,6,1,1,13,7,5,68,23,43,5,0,2,0,0,0,86,32,49,84,26,23,2,6,26
03BNBA25  ,121,32,49,8,4,0,27,3,4,72,25,42,11,0,3,3,0,0,108,31,46,108,31,25,0,0,21
03BNBA26  ,141,43,41,8,6,1,29,2,2,86,32,33,12,2,4,6,1,1,123,39,35,119,33,21,4,6,14
03BNBA27  ,99,41,37,1,1,0,9,0,5,79,40,31,10,0,1,0,0,0,89,42,37,83,36,13,6,6,24
03BNBA28  ,122,28,29,3,0,0,14,2,2,75,24,24,25,2,3,5,0,0,91,27,26,87,21,17,4,6,9
03BNBA29  ,181,46,58,8,2,0,24,8,6,120,35,51,20,1,1,9,0,0,153,44,57,148,41,32,5,3,25
03BNBB01  ,4,1,2,0,0,0,2,1,1,1,0,1,0,0,0,1,0,0,3,0,3,3,0,1,0,0,2
03BNBB02  ,11,2,6,0,0,0,1,0,0,9,2,6,1,0,0,0,0,0,10,2,6,10,2,0,0,0,6
03BNBB03  ,64,13,25,0,0,0,10,0,2,46,13,20,5,0,3,3,0,0,56,13,23,55,13,13,1,0,10
03BNBB04  ,63,22,32,1,0,0,5,5,2,57,17,30,0,0,0,0,0,0,63,22,32,61,16,12,2,6,20
03BNBB05  ,105,33,52,6,0,0,15,0,7,80,33,45,3,0,0,1,0,0,101,33,52,101,27,17,0,6,35
03BNBB06  ,118,60,49,8,0,0,14,10,7,90,50,39,6,0,2,0,0,1,112,60,45,108,47,15,4,13,30
03BNBB07  ,56,24,29,1,0,0,9,5,4,44,19,25,2,0,0,0,0,0,54,24,30,51,17,16,3,7,14
03BNBB08  ,118,54,44,4,2,0,17,2,8,91,49,36,3,1,0,3,0,0,113,54,44,111,44,21,2,10,23
03BNBB09  ,36,17,13,3,0,0,4,1,4,27,16,9,2,0,0,0,0,0,33,16,13,32,13,7,1,3,6
03BNBB10  ,105,43,39,4,2,1,7,1,3,91,40,35,1,0,0,2,0,0,101,42,40,97,29,20,4,13,20
03BNBB11  ,88,31,38,6,1,1,14,3,6,65,27,30,3,0,0,0,0,1,86,32,36,84,23,13,2,9,23
03BNBB12  ,43,16,22,1,0,0,6,1,1,36,15,21,0,0,0,0,0,0,43,16,23,43,10,13,0,6,10
03BNBB13  ,78,37,28,2,1,0,16,2,0,57,34,27,3,0,1,0,0,0,75,37,26,74,31,7,1,6,19
03BNBB14  ,48,19,22,6,3,0,6,2,0,33,14,21,3,0,1,0,0,0,47,18,21,46,16,9,1,2,12
03BNBB15  ,53,18,17,1,0,0,10,2,1,40,16,16,2,0,0,0,0,0,49,18,17,45,13,10,4,5,7
03BNBB16  ,75,30,28,3,1,0,8,0,3,64,29,25,0,0,0,0,0,0,75,30,27,72,26,15,3,4,12
03BNBB17  ,77,32,31,3,0,0,12,0,1,56,32,28,4,0,0,2,0,2,71,32,30,70,26,11,1,6,19
03BNBB18  ,61,18,31,2,0,1,5,4,1,50,14,27,3,0,1,1,0,1,58,16,29,56,9,13,2,7,16
03BNBB19  ,94,28,28,6,0,1,9,0,4,77,28,22,0,0,0,2,0,1,91,30,27,88,21,11,3,9,16
03BNBB20  ,97,31,32,3,0,0,14,2,4,72,29,28,6,0,0,2,0,0,90,30,32,89,23,21,1,7,11
03BNBB21  ,78,23,26,3,0,1,9,3,4,65,20,20,1,0,1,0,0,0,76,24,25,75,16,10,1,8,15
03BNBB22  ,98,45,46,3,2,0,15,7,3,76,35,43,2,1,0,2,0,0,93,43,48,92,38,21,1,5,27
03BNBB23  ,100,40,41,4,3,0,12,5,7,80,32,34,4,0,0,0,0,0,97,41,39,96,34,18,1,7,21
03BNBC01  ,74,40,24,5,5,1,13,6,3,53,28,19,1,0,0,2,1,1,72,39,24,70,29,15,2,10,9
03BNBC02  ,66,18,16,4,2,0,10,3,1,50,13,15,2,0,0,0,0,0,64,17,17,64,15,10,0,2,7
03BNBC03  ,79,37,14,12,1,0,8,3,4,57,32,10,0,1,0,2,0,0,77,37,13,73,30,7,4,7,6
03BNBC04  ,100,60,31,19,5,0,7,6,2,67,49,29,5,0,0,2,0,0,93,60,32,89,48,15,4,12,17
03BNBC05  ,120,28,59,8,3,0,13,2,8,86,23,48,12,0,2,1,0,1,107,28,55,106,21,32,1,7,23
03BNBC06  ,5,3,0,0,0,0,0,0,0,1,1,0,1,1,0,3,1,0,2,1,0,2,0,0,0,1,0
03BNBC07  ,72,38,25,8,2,0,8,4,1,51,29,24,2,3,0,3,0,0,66,35,26,62,27,10,4,8,16
03BNBC08  ,105,42,43,5,0,2,12,5,4,86,36,35,0,0,2,2,1,0,103,43,40,101,32,16,2,11,24
03BNBC09  ,64,34,19,2,1,0,12,2,2,47,31,16,3,0,0,0,0,1,61,32,19,57,26,11,4,6,8
03BNBC10  ,66,37,25,3,5,0,10,9,0,51,23,24,1,0,0,1,0,1,64,37,23,64,28,10,0,9,13
03BNBC11  ,73,49,31,4,0,0,10,7,2,57,40,29,0,2,0,2,0,0,71,47,32,66,40,12,5,7,20
03BNBC12  ,85,39,35,10,1,0,10,4,3,61,34,31,3,0,0,1,0,1,82,40,33,79,27,21,3,13,12
03BNBC13  ,50,29,29,4,6,0,6,2,3,36,21,26,3,0,0,1,0,0,45,28,30,44,19,12,1,9,18
03BNBC14  ,96,46,40,5,1,0,15,4,6,74,41,34,2,0,0,0,0,0,94,47,38,90,39,13,4,8,25
03BNBC15  ,79,28,27,4,0,0,7,4,1,64,24,26,2,0,0,2,0,0,75,27,29,71,26,13,4,1,16
03BNBC16  ,82,26,29,4,1,0,9,2,3,60,23,25,7,0,1,2,0,0,73,25,28,72,18,8,1,7,20
03BNBC17  ,96,30,38,4,0,0,11,1,3,71,27,33,8,0,2,2,2,0,86,29,36,83,21,19,3,8,17
03BNBC18  ,49,27,19,6,4,0,1,5,2,38,18,16,3,0,1,1,0,0,46,27,17,44,23,6,2,4,11
03BNBC19  ,1,25,1,0,10,0,0,7,1,1,8,0,0,0,0,0,0,0,0,24,1,0,24,1,0,0,0
03BNBC20  ,1,2,0,0,0,0,0,0,0,1,2,0,0,0,0,0,0,0,1,1,0,1,1,0,0,0,0
03BNBC21  ,25,107,3,1,57,2,8,22,0,16,28,1,0,0,0,0,0,0,25,108,2,25,108,1,0,0,1
03BNBC22  ,0,2,0,0,0,0,0,1,0,0,1,0,0,0,0,0,0,0,0,3,0,0,3,0,0,0,0
03BNBC23  ,0,0,0,0,0,0,0,0,0,0,0,0,0,0,0,0,0,0,0,0,0,0,0,0,0,0,0
03BNBC24  ,13,1,5,2,0,0,3,0,0,5,1,4,3,0,1,0,0,0,9,0,3,9,0,0,0,0,3
03BNBD01  ,160,25,74,6,0,0,38,6,11,99,19,61,11,0,2,6,0,0,141,26,72,139,22,37,2,4,35
03BNBD02  ,135,47,69,11,2,0,18,4,5,100,41,61,6,0,3,0,0,0,130,48,64,127,40,23,3,8,41
03BNBD03  ,108,39,38,2,0,0,19,4,3,81,35,33,4,0,2,2,0,0,101,38,38,100,28,15,1,10,23
03BNBD04  ,159,55,70,7,0,0,25,4,9,110,50,56,14,1,3,3,0,2,142,54,64,138,45,27,4,9,37
03BNBD05  ,134,38,77,9,2,0,18,4,10,87,31,64,15,1,3,5,0,0,114,38,75,111,33,34,3,5,41
03BNBD06  ,182,34,84,14,1,1,58,6,13,96,27,66,6,0,3,8,0,1,167,33,82,162,28,35,5,5,47
03BNBD07  ,159,41,90,6,0,1,43,7,18,86,33,65,21,1,6,3,0,0,136,41,82,136,38,47,0,3,35
03BNBD08  ,124,47,43,8,4,1,18,6,6,95,37,36,3,0,0,0,0,0,121,48,44,119,42,18,2,6,26
03BNBD09  ,139,40,81,5,3,1,35,2,5,85,34,73,12,1,0,2,0,2,125,38,78,119,37,36,6,1,42
03BNBD10  ,122,48,53,9,2,0,16,1,4,91,45,49,5,0,0,1,0,0,115,49,52,111,37,25,4,12,27
03BNBD11  ,132,38,69,2,0,0,31,10,4,83,27,61,9,0,3,7,1,1,117,36,66,115,34,31,2,2,35
03BNBD12  ,119,50,55,2,3,0,25,3,7,83,44,46,6,0,2,3,0,0,109,50,53,109,35,26,0,15,27
03BNBD13  ,140,32,57,12,2,0,16,2,5,108,28,52,3,0,0,1,0,0,137,32,57,135,29,31,2,3,26
03BNBD14  ,114,34,55,6,2,0,15,0,1,90,31,54,2,1,0,1,0,0,112,31,55,110,26,35,2,5,20
03BNBD15  ,145,51,70,12,0,0,17,4,6,109,47,63,3,0,1,4,0,0,137,53,69,132,48,30,5,5,39
03BNBD16  ,229,32,121,3,1,0,66,4,20,124,27,92,22,0,3,14,0,6,194,32,111,194,29,65,0,3,46
03BNBD17  ,207,46,127,8,2,0,54,3,19,120,40,100,18,1,7,7,0,1,181,45,120,180,40,50,1,5,70
03BNBD18  ,155,31,82,9,5,1,34,0,11,94,25,69,15,1,0,3,0,1,137,31,79,133,30,47,4,1,32
03BNBD19  ,115,24,67,10,3,1,24,2,7,61,19,51,13,0,7,7,0,1,95,23,61,94,20,31,1,3,30
03BNBD20  ,178,33,104,8,1,2,71,4,14,76,27,82,15,0,4,8,1,2,156,31,98,151,27,44,5,4,54
03BNBD21  ,163,40,79,10,1,1,41,9,12,92,28,60,11,2,4,9,0,2,142,39,73,141,35,37,1,4,36
03BNBD22  ,205,44,108,16,4,0,60,8,16,106,31,88,11,0,2,12,1,2,184,42,103,181,34,40,3,8,63
03BNBD23  ,143,34,76,9,1,0,53,3,19,71,30,56,5,0,1,5,0,0,131,35,76,129,31,36,2,4,40
03BNBD24  ,141,33,76,6,3,0,43,2,9,78,28,63,11,0,4,3,0,0,126,34,72,124,31,32,2,3,40
03BNBD25  ,90,22,39,0,0,0,6,2,0,74,20,37,5,0,1,5,0,1,81,21,36,78,18,20,3,3,16
03BNBD26  ,117,42,55,4,2,2,21,4,7,78,34,43,12,1,1,2,1,2,102,40,51,100,34,28,2,6,23
03BNBD27  ,225,31,129,12,2,5,66,5,21,131,23,100,12,1,1,4,0,2,210,30,127,209,25,86,1,5,41
03BNBE01  ,104,21,40,4,0,0,18,3,7,66,18,28,15,0,3,1,0,2,86,22,36,86,20,20,0,2,16
03BNBE02  ,73,29,30,2,1,0,8,3,1,61,24,28,2,1,1,0,0,0,72,27,28,72,23,7,0,4,21
03BNBE03  ,144,34,62,6,2,0,20,2,2,115,30,60,2,0,0,1,0,0,141,32,63,141,28,22,0,4,41
03BNBE04  ,122,22,56,2,1,0,13,2,9,98,19,43,6,0,3,3,0,1,112,24,51,108,20,23,4,4,28
03BNBE05  ,89,22,40,3,0,0,21,4,5,60,18,35,5,0,0,0,0,0,84,22,40,82,17,20,2,5,20
03BNBE06  ,79,19,36,2,2,0,21,0,5,51,17,26,3,0,3,2,0,2,74,18,31,74,14,14,0,4,17
03BNBE07  ,92,31,43,4,0,1,14,3,1,73,28,41,1,0,0,0,0,0,91,31,42,88,24,21,3,7,21
03BNBE08  ,113,18,59,1,0,1,32,4,3,70,13,52,7,0,2,3,1,1,103,17,57,101,14,27,2,3,30
03BNBE09  ,112,31,53,7,7,1,22,4,9,66,20,41,13,0,1,4,0,1,96,29,53,94,24,23,2,5,30
03BNBE10  ,100,31,36,4,0,0,16,2,4,76,29,31,4,0,1,0,0,0,95,33,33,93,22,15,2,11,18
03BNBE11  ,90,42,48,5,4,0,14,2,7,69,34,41,2,0,0,0,2,0,88,41,48,87,37,21,1,4,27
03BNBE12  ,101,36,59,1,0,1,16,3,4,83,31,53,0,2,1,1,0,0,100,33,58,96,25,28,4,8,30
03BNBE13  ,112,54,58,11,2,0,16,5,3,80,47,53,2,0,0,3,0,2,105,55,56,104,45,28,1,10,28
03BNBE14  ,92,29,56,3,0,0,18,3,5,65,26,48,5,0,2,1,0,1,88,28,53,86,28,24,2,0,29
03BNBE15  ,106,31,49,3,1,0,14,1,6,82,29,39,7,0,4,0,0,0,98,32,45,97,28,24,1,4,21
03BNBE16  ,138,44,51,10,0,0,19,6,3,106,38,48,2,0,0,1,0,0,136,43,51,131,35,18,5,8,33
03BNBE17  ,136,36,55,5,2,1,16,3,4,109,31,48,4,0,2,2,0,0,131,34,54,127,27,24,4,7,30
03BNBE18  ,145,48,60,5,2,0,15,6,3,121,40,57,4,0,0,0,0,0,140,50,59,135,44,27,5,6,32
03BNBE19  ,122,25,68,4,1,0,33,3,5,75,21,61,5,0,2,5,0,0,112,28,66,108,22,31,4,6,35
03BNBE20  ,106,24,41,5,0,0,25,5,7,58,17,32,16,0,0,2,2,2,88,20,39,86,19,22,2,1,17
03BNBE21  ,81,22,31,4,0,0,13,1,3,63,21,27,1,0,0,0,0,1,80,22,30,80,16,12,0,6,18
03BNBE22  ,69,27,26,1,0,0,10,1,4,55,26,21,2,0,1,1,0,0,66,28,25,66,24,12,0,4,13
03BNBE23  ,82,24,36,3,0,0,8,1,2,62,23,33,7,0,1,2,0,0,73,22,35,72,17,22,1,5,13
03BNBE24  ,161,26,87,6,2,0,30,0,5,110,24,76,11,0,3,4,0,3,146,28,81,143,23,34,3,5,47
03BNBE25  ,89,25,37,5,0,0,12,3,5,71,22,32,1,0,0,0,0,0,89,23,37,87,21,12,2,2,25
03BNBE26  ,101,29,40,3,0,0,10,3,3,84,26,36,4,0,1,0,0,0,96,31,39,91,23,18,5,8,21
03BNBE27  ,100,23,36,4,0,0,14,2,3,75,21,33,4,0,0,3,0,0,94,21,36,89,19,18,5,2,18
03BNBE28  ,98,27,36,5,1,0,14,2,1,77,24,33,2,0,2,0,0,0,95,29,34,93,22,19,2,7,15
03BNBE29  ,72,30,33,0,0,0,13,4,6,47,25,25,9,1,2,3,0,0,60,29,31,57,24,17,3,5,14
03BNBF01  ,90,28,50,9,0,0,24,8,3,44,20,44,8,0,2,5,0,1,76,28,47,72,19,21,4,9,26
03BNBF02  ,122,43,53,1,1,2,35,11,9,60,28,36,18,3,4,8,0,2,97,40,47,95,37,21,2,3,26
03BNBF03  ,150,44,62,7,4,2,45,5,10,83,33,48,8,2,0,7,0,2,136,39,60,132,35,28,4,4,32
03BNBF04  ,114,33,55,8,0,0,34,6,10,54,27,42,14,0,1,4,0,2,95,35,52,88,27,23,7,8,29
03BNBF05  ,108,29,51,5,2,0,23,6,10,62,19,41,14,0,0,4,2,0,90,27,52,88,25,28,2,2,24
03BNBF06  ,179,34,77,13,3,0,68,5,24,65,25,46,14,0,0,19,1,7,146,33,69,145,27,39,1,6,30
03BNBF07  ,96,14,38,2,0,0,45,4,11,27,10,22,9,0,4,13,0,1,74,14,32,72,11,12,2,3,20
03BNBF08  ,123,35,62,4,1,1,37,5,11,68,28,42,14,1,6,0,0,2,109,34,55,106,25,26,3,9,29
03BNBF09  ,130,24,82,3,0,0,44,8,10,61,14,67,13,2,3,9,0,2,109,21,78,109,17,31,0,4,47
03BNBF10  ,104,18,56,6,0,1,26,0,6,66,18,47,5,0,1,1,0,1,97,19,53,93,12,25,4,7,28
03BNBF11  ,53,21,17,1,2,0,9,4,3,41,15,13,2,0,0,0,0,1,52,19,16,48,15,12,4,4,4
03BNBF12  ,158,37,83,8,0,0,55,6,15,81,29,67,8,2,0,6,0,1,143,37,82,142,30,44,1,7,38
03BNBF13  ,102,22,45,7,0,0,26,4,4,61,18,39,5,0,1,3,0,1,95,22,43,92,19,21,3,3,22
03BNBF14  ,50,11,18,3,0,0,8,0,2,37,11,16,2,0,0,0,0,0,47,11,18,43,7,10,4,4,8
03BNBF15  ,77,45,24,7,2,0,14,3,3,53,40,21,3,0,0,0,0,0,74,46,25,74,38,15,0,8,10
03BNBF16  ,87,42,37,2,1,0,13,2,1,68,39,36,4,0,0,0,0,0,83,41,36,82,38,11,1,3,25
03BNBF17  ,147,62,53,7,1,0,15,6,4,122,55,48,3,0,1,0,0,0,145,61,52,138,50,24,7,11,28
03BNBF18  ,121,21,52,7,0,0,46,7,15,47,13,31,9,1,2,12,0,4,99,21,46,93,19,18,6,2,28
03BNBF19  ,98,31,49,13,5,0,19,4,5,63,22,44,3,0,0,0,0,0,95,29,50,94,23,25,1,6,25
03BNBF20  ,124,41,49,6,1,0,21,4,3,93,36,46,3,0,0,1,0,0,120,43,48,117,32,12,3,11,36
03BNBF21  ,123,46,55,10,5,0,14,3,3,93,38,51,5,0,0,1,0,1,115,47,55,111,43,20,4,4,35
03BNBF22  ,121,46,47,9,8,1,13,8,6,89,30,40,9,0,0,1,0,0,113,45,46,111,34,18,2,11,28
03BNBF23  ,119,28,50,3,0,1,20,3,9,90,25,39,4,0,1,2,0,0,114,29,50,107,21,25,7,8,25
03BNBF24  ,117,40,64,3,0,0,51,7,11,50,33,51,2,0,1,11,0,1,103,39,61,99,34,22,4,5,39
03BNBF25  ,142,31,62,5,4,0,61,8,15,60,19,44,8,0,2,8,0,1,125,32,60,119,29,33,6,3,27
03BNBF26  ,118,35,47,5,2,1,17,4,3,90,29,43,5,0,0,1,0,0,113,34,46,112,29,21,1,5,25
03BNBF27  ,93,37,45,7,3,0,16,3,5,65,31,40,4,0,0,1,0,0,88,37,45,87,30,22,1,7,23
03BNBF28  ,114,36,45,6,2,2,20,2,2,82,32,41,6,0,0,0,0,0,108,36,45,107,29,16,1,7,29
03BNBF29  ,78,26,33,2,1,0,13,0,5,60,25,28,0,0,0,3,0,0,75,26,34,70,22,18,5,4,16
03BNBF30  ,79,26,27,2,1,0,19,4,3,56,21,24,0,0,0,2,0,0,77,26,26,75,20,13,2,6,13
03BNBF31  ,141,34,67,5,0,0,56,8,17,65,24,49,6,2,1,9,0,0,126,33,66,124,32,38,2,1,28
03BNBF32  ,0,0,0,0,0,0,0,0,0,0,0,0,0,0,0,0,0,0,0,0,0,0,0,0,0,0,0
03BNBG01  ,95,21,41,2,1,0,32,5,9,40,13,31,14,2,0,7,0,1,74,20,40,71,19,22,3,1,18
03BNBG02  ,124,45,51,4,1,0,29,8,7,71,36,41,17,0,2,3,0,1,104,44,48,103,37,22,1,7,26
03BNBG03  ,115,25,65,5,3,0,38,3,11,60,19,52,8,0,0,4,0,2,102,25,64,98,23,31,4,2,33
03BNBG04  ,100,28,33,5,1,0,27,6,9,52,21,24,13,0,0,3,0,0,85,28,32,83,26,11,2,2,21
03BNBG05  ,85,28,25,3,0,0,34,5,4,37,23,19,6,0,2,5,0,0,74,27,23,74,22,15,0,5,8
03BNBG06  ,112,36,40,5,1,0,20,3,4,80,32,36,6,0,0,1,0,0,105,37,40,98,34,12,7,3,28
03BNBG07  ,94,23,50,6,0,0,16,1,6,67,22,44,4,0,0,1,0,0,92,23,50,89,16,22,3,7,28
03BNBG08  ,124,33,51,2,0,0,28,4,10,79,29,38,12,0,2,3,0,1,106,34,48,102,28,24,4,6,24
03BNBG09  ,110,19,46,4,3,0,33,3,10,59,13,36,6,0,0,8,0,0,96,20,45,93,18,25,3,2,20
03BNBG10  ,69,42,15,2,1,1,18,11,3,38,27,9,7,2,0,4,1,2,58,38,14,55,35,9,3,3,5
03BNBG11  ,91,35,46,2,1,0,11,7,3,73,27,43,3,0,0,2,0,0,87,35,46,84,25,12,3,10,34
03BNBG12  ,99,47,40,9,3,0,11,4,6,75,40,34,2,0,0,2,0,0,94,47,41,91,38,19,3,9,22
03BNBG13  ,100,39,48,4,1,0,16,3,1,77,35,46,2,0,1,1,0,0,96,40,47,89,29,13,7,11,34
03BNBG14  ,108,34,53,7,1,1,15,1,3,75,32,49,9,0,0,2,0,0,98,33,53,97,21,26,1,12,27
03BNBG15  ,49,31,19,3,4,0,13,7,3,25,20,14,4,0,2,4,0,0,41,30,18,41,29,12,0,1,6
03BNBG16  ,104,33,53,6,2,0,24,5,6,51,24,43,19,1,4,4,1,0,81,32,48,78,29,17,3,3,31
03BNBG17  ,65,23,29,3,0,0,11,5,4,42,18,23,7,0,1,2,0,1,55,23,26,54,20,13,1,3,13
03BNBG18  ,126,50,63,6,3,0,24,4,10,91,43,50,5,0,3,0,0,0,122,49,61,119,48,25,3,1,36
03BNBG19  ,90,35,35,3,0,0,19,6,8,59,27,24,5,2,2,4,0,1,81,33,32,76,26,13,5,7,19
03BNBG20  ,18,8,4,0,0,0,7,3,0,6,5,2,4,0,2,1,0,0,13,8,2,12,6,0,1,2,2
03BNBG21  ,107,32,35,5,2,1,16,1,2,78,29,31,8,0,1,0,0,0,98,32,35,97,24,12,1,8,23
03BNBG22  ,92,33,48,4,0,0,13,8,5,66,25,43,9,0,0,0,0,0,84,33,47,81,26,14,3,7,33
03BNBG23  ,112,40,58,9,4,0,28,9,6,63,27,49,7,0,3,5,0,0,99,39,56,99,29,24,0,10,32
03BNBG24  ,110,37,53,10,1,0,14,5,5,80,31,45,5,0,3,1,0,0,105,38,49,103,28,24,2,10,25
03BNBG25  ,94,62,19,1,2,0,30,13,2,42,42,15,11,4,1,10,1,1,74,57,17,73,50,10,1,7,7
03BNBG26  ,112,59,40,3,3,0,29,11,13,70,42,24,8,3,2,2,0,1,101,56,37,99,49,30,2,7,7
03BNBG27  ,108,61,37,4,4,0,32,6,11,57,46,25,10,5,1,5,0,0,92,56,36,90,51,24,2,5,12
03BNBG28  ,87,37,28,7,1,2,20,4,7,51,31,14,8,1,2,1,0,3,79,36,22,76,33,14,3,3,8
03BNBG29  ,97,38,43,3,3,1,40,9,9,33,24,31,11,0,0,10,2,2,75,37,41,73,34,27,2,3,14
03BNBG30  ,44,33,17,2,2,0,13,3,3,26,26,14,3,1,0,0,1,0,42,30,17,41,28,17,1,2,0
03BNBH01  ,84,25,29,6,1,1,7,2,2,66,22,26,5,0,0,0,0,0,79,24,29,77,19,13,2,5,16
03BNBH02  ,77,33,35,4,2,0,11,0,3,54,29,32,7,2,0,1,0,0,69,31,35,68,22,16,1,9,19
03BNBH03  ,91,28,34,3,1,1,9,5,1,60,22,29,16,0,2,3,0,1,71,29,32,69,24,14,2,5,18
03BNBH04  ,103,42,52,4,7,0,21,1,3,68,32,47,8,2,2,2,0,0,94,39,49,92,29,20,2,10,29
03BNBH05  ,90,38,40,4,5,0,22,6,4,61,27,33,3,0,3,0,0,0,87,39,37,86,37,20,1,2,17
03BNBH06  ,67,43,25,5,3,0,17,7,3,40,31,22,5,0,0,0,2,0,62,40,25,61,33,10,1,7,15
03BNBH07  ,81,38,27,4,2,0,13,15,1,56,21,26,7,0,0,1,0,0,73,38,28,67,34,12,6,4,16
03BNBH08  ,82,41,26,10,3,1,16,8,7,42,29,14,7,0,1,7,1,3,68,40,21,66,35,15,2,5,6
03BNBH09  ,70,23,19,10,0,0,15,6,3,35,16,16,5,1,0,5,0,0,57,22,20,57,21,10,0,1,10
03BNBH10  ,94,37,38,5,0,0,20,7,7,41,28,30,17,2,0,11,0,1,69,35,36,65,30,11,4,5,25
03BNBH11  ,96,38,47,3,2,0,26,1,4,47,30,42,14,5,0,6,0,1,74,32,47,74,24,20,0,8,27
03BNBH12  ,118,76,32,8,5,0,21,22,6,58,47,24,23,1,2,8,1,0,89,75,29,86,68,12,3,7,17
03BNBH13  ,74,32,29,2,1,0,23,18,8,40,11,17,5,2,0,4,0,4,66,30,25,63,29,20,3,1,5
03BNBH14  ,56,37,21,6,0,1,13,10,3,21,26,13,9,0,3,7,1,1,39,36,17,38,32,9,1,4,8
03BNBH15  ,103,29,29,6,0,0,24,12,8,56,14,20,9,3,0,8,0,1,85,26,29,85,24,12,0,2,17
03BNBH16  ,45,20,20,2,0,0,12,9,1,22,9,17,6,2,2,3,0,0,37,19,17,35,13,9,2,6,8
03BNBH17  ,136,54,47,5,3,0,28,11,8,90,38,37,12,2,2,1,0,0,125,51,44,124,42,22,1,9,22
03BNBH18  ,105,40,34,4,2,0,19,6,4,77,32,30,3,0,0,2,0,0,98,41,35,95,39,19,3,2,16
03BNBH19  ,77,36,16,2,2,0,24,15,6,35,17,8,6,0,0,10,2,2,61,34,15,60,32,10,1,2,5
03BNBH20  ,158,37,69,8,3,0,42,7,10,77,26,56,15,1,2,16,0,1,127,36,65,117,31,28,10,5,37
03BNBH21  ,93,42,43,5,3,0,19,5,4,55,31,38,12,2,1,2,1,0,78,39,43,75,33,21,3,6,22
03BNBH22  ,125,32,53,1,0,0,27,4,4,88,27,48,7,1,1,2,0,0,117,31,52,116,26,25,1,5,27
03BNBH23  ,119,31,56,4,0,0,33,8,6,68,21,48,11,2,2,3,0,0,104,29,55,101,17,30,3,12,25
03BNBH24  ,136,34,72,10,3,0,25,7,7,89,24,62,9,0,0,3,0,3,125,34,68,121,33,36,4,1,32
03BNBH25  ,129,31,66,7,4,0,29,5,8,73,20,50,17,2,8,3,0,0,110,30,58,109,28,26,1,2,32
03BNBH26  ,155,40,70,5,1,0,24,12,8,108,27,60,14,0,1,4,0,1,136,39,68,133,37,34,3,2,34
03BNBH27  ,122,63,25,4,1,0,13,9,1,91,51,21,11,2,3,3,0,0,109,62,22,109,51,12,0,11,10
03BNBH28  ,144,59,45,8,3,0,23,6,3,101,49,37,5,1,5,7,0,0,131,57,41,130,49,17,1,8,24
03BNBH29  ,116,52,32,10,2,0,18,4,9,77,45,23,8,1,0,3,0,0,106,50,33,101,33,16,5,17,17
03BNBH30  ,153,58,55,6,2,0,20,2,3,115,54,50,9,0,1,3,0,1,140,59,52,140,47,19,0,12,33
03BNBH31  ,147,49,47,13,0,0,24,2,6,104,47,40,5,0,1,1,0,0,142,49,45,136,38,19,6,11,26
03BNBH32  ,9,1,3,0,0,0,3,0,0,6,0,2,0,1,1,0,0,0,7,0,2,7,0,2,0,0,0
03BNBH33  ,8,2,3,0,0,1,4,2,1,4,0,1,0,0,0,0,0,0,8,2,3,8,2,0,0,0,3
03BNBH34  ,0,0,0,0,0,0,0,0,0,0,0,0,0,0,0,0,0,0,0,0,0,0,0,0,0,0,0
03BNBH35  ,3,0,0,0,0,0,1,0,0,2,0,0,0,0,0,0,0,0,2,0,0,2,0,0,0,0,0
03BNBJ01  ,68,40,20,4,2,0,19,8,5,33,29,15,9,1,0,3,0,0,57,39,20,52,33,15,5,6,5
03BNBJ02  ,135,67,37,12,3,1,38,17,6,65,44,27,15,2,3,5,1,0,116,64,34,112,57,23,4,7,11
03BNBJ03  ,44,21,13,4,2,0,7,8,3,26,10,9,7,0,1,0,1,0,36,20,13,35,19,10,1,1,3
03BNBJ04  ,66,24,20,2,1,1,30,4,2,27,19,17,4,0,0,3,0,0,59,23,20,55,21,14,4,2,6
03BNBJ05  ,60,38,18,1,5,0,12,7,4,37,25,11,9,1,2,1,0,1,50,38,15,49,36,10,1,2,5
03BNBJ06  ,78,35,26,3,5,1,19,8,6,42,20,16,8,2,1,6,0,2,63,33,23,61,29,17,2,4,6
03BNBJ07  ,66,26,15,3,0,0,11,5,4,40,21,11,8,0,0,4,0,0,55,26,15,53,24,7,2,2,8
03BNBJ08  ,59,19,19,6,1,0,17,3,4,23,15,12,9,0,2,4,0,1,47,20,16,47,17,9,0,3,7
03BNBJ09  ,110,34,46,5,0,0,38,6,4,41,27,38,9,1,3,17,0,1,84,32,42,80,27,20,4,5,22
03BNBJ10  ,136,26,61,3,2,1,39,7,8,73,17,47,15,0,5,6,0,0,116,26,55,109,22,27,7,4,28
03BNBJ11  ,67,44,15,5,1,1,18,7,8,33,34,4,10,1,2,1,1,0,55,41,14,53,41,12,2,0,2
03BNBJ12  ,91,22,49,4,2,1,25,4,7,50,16,41,2,0,0,10,0,0,81,21,50,77,17,20,4,4,30
03BNBJ13  ,75,76,23,2,2,0,24,17,7,42,53,13,3,2,2,4,2,1,66,73,19,62,63,15,4,10,4
03BNBJ14  ,133,46,62,6,1,0,45,10,8,60,34,50,13,1,2,9,0,2,110,46,58,109,40,27,1,6,31
03BNBJ15  ,173,42,74,9,3,2,52,7,10,87,31,58,15,1,2,10,0,2,149,40,70,146,40,29,3,0,41
03BNBJ16  ,157,35,79,7,2,0,49,10,16,79,20,56,19,3,6,3,0,1,134,34,71,130,26,30,4,8,41
03BNBJ17  ,167,35,79,5,1,0,50,5,12,84,29,62,15,0,2,13,0,3,140,33,75,140,27,33,0,6,42
03BNBJ18  ,97,42,44,10,3,2,11,3,2,73,36,40,3,0,0,0,0,0,95,42,43,94,36,14,1,6,29
03BNBJ19  ,113,75,46,5,5,0,37,21,9,61,47,33,6,2,3,4,0,1,102,73,43,101,66,22,1,7,21
03BNBJ20  ,129,41,62,3,0,0,34,3,9,80,36,50,7,2,2,5,0,1,117,40,59,112,34,27,5,6,32
03BNBJ21  ,88,33,45,8,1,0,12,6,2,59,25,42,9,1,0,0,0,1,79,32,44,78,28,18,1,4,26
03BNBJ22  ,105,40,53,3,0,0,15,4,5,77,36,48,10,0,0,0,0,0,95,40,54,92,31,23,3,9,31
03BNBJ23  ,103,30,35,6,1,0,10,2,4,80,27,31,7,0,0,0,0,0,96,30,34,92,22,15,4,8,19
03BNBJ24  ,113,43,44,4,7,1,40,7,16,57,26,23,7,3,4,5,0,0,101,41,39,101,33,24,0,8,15
03BNBJ25  ,150,46,73,4,0,0,51,10,20,63,32,47,17,3,4,15,1,2,118,41,68,114,36,40,4,5,28
03BNBJ26  ,121,45,41,4,6,1,41,9,11,53,27,23,11,2,3,12,1,3,98,44,34,94,39,22,4,5,12
03BNBJ27  ,123,42,58,3,1,0,64,13,6,42,26,46,8,1,5,6,1,1,109,38,53,105,34,27,4,4,26
03BNBJ28  ,76,33,35,1,0,0,34,9,12,28,21,22,8,3,1,5,0,0,63,30,33,61,23,22,2,7,11
03BNBJ29  ,106,38,51,3,0,0,52,4,16,37,31,32,5,2,1,9,1,2,92,35,49,89,32,28,3,3,21
03BNBJ30  ,95,30,52,2,2,0,21,6,4,60,22,47,7,0,0,5,0,1,83,30,51,82,27,22,1,3,29
03BNBJ31  ,88,42,35,7,1,0,17,5,2,62,35,33,2,1,0,0,0,0,86,41,35,81,32,14,5,9,21
03BNBJ32  ,71,23,32,8,0,0,10,6,3,48,17,26,2,0,2,3,0,1,66,21,29,65,19,17,1,2,12
03BNBJ33  ,135,49,56,15,5,0,23,4,5,91,40,51,4,0,0,2,0,0,129,51,56,128,40,20,1,11,36
03BNBJ34  ,0,0,0,0,0,0,0,0,0,0,0,0,0,0,0,0,0,0,0,0,0,0,0,0,0,0,0
03BNBK01  ,158,50,78,11,2,0,28,6,6,109,42,71,9,0,1,1,0,0,148,49,79,146,40,33,2,9,46
03BNBK02  ,96,31,50,4,1,1,19,2,6,72,27,43,1,1,0,0,0,0,95,31,48,92,21,24,3,10,24
03BNBK03  ,119,32,50,3,2,0,22,1,4,87,29,46,7,0,0,0,0,0,112,32,50,107,24,27,5,8,23
03BNBK04  ,114,31,47,3,1,0,20,5,3,86,25,44,3,0,0,2,0,0,109,31,48,105,27,26,4,4,22
03BNBK05  ,132,35,68,4,3,0,31,4,5,90,28,62,7,0,1,0,0,0,125,36,68,122,30,31,3,6,37
03BNBK06  ,121,46,57,3,2,1,21,5,5,95,39,51,1,0,0,1,0,0,119,45,56,117,40,22,2,5,34
03BNBK07  ,98,27,50,6,1,0,16,4,8,73,22,41,3,0,1,0,0,0,94,28,47,90,24,26,4,4,21
03BNBK08  ,116,39,61,3,1,0,25,4,9,88,33,51,0,1,1,0,0,0,117,37,62,112,29,31,5,8,31
03BNBK09  ,129,32,54,6,0,0,23,1,4,99,30,50,1,0,0,0,1,0,129,29,54,127,26,25,2,3,29
03BNBK10  ,127,45,71,8,2,0,25,3,6,85,40,62,9,0,3,0,0,0,117,46,68,116,41,29,1,5,39
03BNBK11  ,124,30,54,8,0,0,16,3,7,98,27,47,2,0,0,0,0,0,121,31,54,117,26,23,4,5,31
03BNBK12  ,114,39,44,8,1,0,19,5,5,82,33,39,5,0,0,0,0,0,110,38,44,107,27,16,3,11,28
03BNBK13  ,103,33,48,9,0,1,19,5,8,70,27,39,3,1,0,2,0,0,97,31,49,95,25,26,2,6,23
03BNBK14  ,49,9,21,1,1,0,8,0,1,36,8,19,2,0,1,2,0,0,46,9,19,46,5,10,0,4,9
03BNBK15  ,52,18,15,0,1,0,11,2,2,40,15,13,1,0,0,0,0,0,52,17,16,50,16,9,2,1,7
03BNBK16  ,134,50,70,4,3,1,35,3,12,89,44,56,5,0,0,1,0,1,127,51,68,126,43,35,1,8,33
03BNBK17  ,121,33,60,3,0,0,23,4,10,85,29,50,9,0,0,1,0,0,111,33,60,108,26,27,3,7,33
03BNBK18  ,147,39,63,7,5,0,31,3,8,102,29,53,5,2,2,2,0,0,140,37,61,138,29,20,2,8,41
03BNBK19  ,126,45,70,4,1,0,26,4,9,87,39,60,8,1,0,1,0,1,118,44,67,116,36,36,2,8,31
03BNBK20  ,127,39,57,7,1,0,17,3,7,98,35,50,4,0,0,1,0,0,121,39,59,120,29,31,1,10,28
03BNBK21  ,90,38,31,8,1,0,23,3,4,58,34,27,1,0,0,0,0,0,88,39,31,84,31,15,4,8,16
03BNBK22  ,100,39,45,1,2,0,16,3,11,71,34,31,8,0,1,4,0,2,89,38,42,87,27,22,2,11,20
03BNBK23  ,139,47,61,17,1,0,36,8,8,82,38,52,4,0,1,0,0,0,134,47,60,129,40,25,5,7,35
03BNBK24  ,96,27,43,3,4,0,14,1,6,78,22,37,1,0,0,0,0,0,96,27,43,96,24,26,0,3,17
03BNBK25  ,128,37,55,5,2,0,21,1,5,93,34,50,8,0,0,1,0,0,120,36,54,118,32,27,2,4,27
03BNBK26  ,74,18,42,3,0,0,14,1,3,54,17,39,3,0,0,0,0,0,70,19,43,66,16,15,4,3,28
03BNBK27  ,78,26,41,1,0,0,28,6,8,38,20,32,8,0,0,3,0,1,66,26,40,64,20,25,2,6,15
03BNBK28  ,36,12,13,1,0,0,5,1,1,29,11,11,1,0,1,0,0,0,36,12,12,35,11,7,1,1,5
03BNBK29  ,31,7,14,1,0,0,9,2,3,13,5,8,4,0,0,4,0,3,23,7,12,23,6,6,0,1,6
03BNBK30  ,43,12,12,0,0,0,12,2,0,14,9,8,5,0,0,12,1,4,26,11,7,26,10,2,0,1,5
03BNBK31  ,5,7,0,0,3,0,0,3,0,5,1,0,0,0,0,0,0,0,5,7,0,5,7,0,0,0,0
03BNSS01  ,0,0,0,0,0,0,0,0,0,0,0,0,0,0,0,0,0,0,0,0,0,0,0,0,0,0,0
